,ReH,ReE,ReHT,index,replica
0,1.7849781470324375,-2.620021050596555,1.852481986247055,0,94
1,1.785057246721864,-2.6203440799193283,1.8523740612707502,1,94
2,1.7849908294551922,-2.620072843402146,1.8524646821301123,2,94
3,1.78498409455614,-2.620045339249434,1.8524738713431126,3,94
