,ReH,ReE,ReHT,index,replica
0,6.25894297336384,6.406890284861618,-6.949202229401594,0,91
1,6.259393965106009,6.395136591263633,-6.941980168163532,1,91
2,6.259361283566742,6.395988333685972,-6.942503521599667,2,91
3,6.259429199972944,6.394218304309854,-6.941415926417309,3,91
