,ReH,ReE,ReHT,index,replica
0,2.696298172060957,3.6874166895588045,-5.695628359370407,0,99
1,2.6962956798438213,3.687415742447131,-5.695631336645873,1,99
2,2.6962929552557844,3.687414707021742,-5.695634591397479,2,99
3,2.696330112620678,3.687428827885278,-5.695590202734054,3,99
