,ReH,ReE,ReHT,index,replica
0,1.3708795460934846,0.9905165512112697,4.829481994937835,0,37
1,1.370884060655949,0.9905154232106984,4.8294821919812545,1,37
2,1.3708820782586808,0.9905159177452332,4.829482105063165,2,37
3,1.3708824668129491,0.9905158205282881,4.829482121954793,3,37
