,ReH,ReE,ReHT,index,replica
0,2.1705538952521195,-2.3013930178579,0.2616015709865034,0,88
1,2.1702731619467137,-2.301294598054528,0.2615417807058088,1,88
2,2.170251113442112,-2.30128686826599,0.26153708483680216,2,88
3,2.1702936232458736,-2.3013017713980894,0.2615461385349457,3,88
