,ReH,ReE,ReHT,index,replica
0,1.8157229572316689,0.9613537892236474,2.4339736285142552,0,4
1,1.8157174676418475,0.9613195145339607,2.4339295094232067,1,4
2,1.8157568042824375,0.961565115917759,2.434245652634173,2,4
3,1.815720334826886,0.9613374160528837,2.4339525526225008,3,4
