,ReH,ReE,ReHT,index,replica
0,1.6336720005397494,-3.8336370522126346,2.897273549687357,0,49
1,1.633573144480632,-3.8336980157629057,2.8976544257522723,1,49
2,1.6336649508533605,-3.8336413996830516,2.897300710969614,2,49
3,1.6336798255952232,-3.8336322265757605,2.8972434010348276,3,49
