,ReH,ReE,ReHT,index,replica
0,2.080743658895923,-6.540939082013097,-0.556099858168774,0,27
1,2.0810627248357516,-6.541279051357527,-0.5563127724336978,1,27
2,2.0803996651251393,-6.540572551706129,-0.5558703094406117,2,27
3,2.0851466370722207,-6.54563051854085,-0.5590379870761009,3,27
