,ReH,ReE,ReHT,index,replica
0,2.0248945962098555,1.8782230935153916,-0.8605851423136084,0,50
1,2.025104451337441,1.8781278542679254,-0.8606352177566208,1,50
2,2.0250964748804337,1.8781314742485389,-0.8606333144247633,2,50
3,2.025081419441987,1.8781383069065682,-0.8606297219097101,3,50
