,ReH,ReE,ReHT,index,replica
0,1.5279148050111446,-0.34754026544393557,-1.3192016512360722,0,82
1,1.5281590042774345,-0.3477062203814867,-1.3189264992975762,1,82
2,1.5283855074150448,-0.3478601492383794,-1.318671286502855,2,82
3,1.531284654016103,-0.34983037503394954,-1.3154046681371057,3,82
