,ReH,ReE,ReHT,index,replica
0,2.21994753737369,-0.6590350113053722,-0.7168331663390076,0,86
1,2.21985139063469,-0.6591679180528467,-0.7168540583123388,1,86
2,2.2199341229826914,-0.659053554447168,-0.7168360811896441,2,86
3,2.219940531430832,-0.6590446958455323,-0.7168346886796502,3,86
