,ReH,ReE,ReHT,index,replica
0,1.5553266518949203,0.2301598234002289,3.637510404686858,0,76
1,1.5553452843952011,0.23016031691912525,3.637498469569353,1,76
2,1.5553467484262695,0.23016035568416932,3.637497531777707,2,76
3,1.5553439448439712,0.23016028143277756,3.6374993276190652,3,76
