,ReH,ReE,ReHT,index,replica
0,1.5682903071472225,0.19869672076889022,3.681819360274388,0,89
1,1.568273746557439,0.19872166983312806,3.6818137446285677,1,89
2,1.5680621512173891,0.19904044507825144,3.681741993229829,2,89
3,1.5682583958963559,0.19874479610209372,3.681808539261418,3,89
