,ReH,ReE,ReHT,index,replica
0,1.5279480761056488,0.6856566226813534,3.775522186685107,0,11
1,1.527945620562908,0.685645760645246,3.7755239493781483,1,11
2,1.5279429368422732,0.68563388927943,3.77552587586469,2,11
3,1.5279093904981442,0.6854854977174477,3.7755499568531405,3,11
