,ReH,ReE,ReHT,index,replica
0,1.934407959154333,-2.1939331629905148,2.0684778452108272,0,92
1,1.9341156629651222,-2.193887474432346,2.068384362749579,1,92
2,1.9340681378382905,-2.1938800458201637,2.0683691632139656,2,92
3,1.9340958521981442,-2.1938843778246193,2.0683780268477348,3,92
