,ReH,ReE,ReHT,index,replica
0,1.7479421640909476,4.409172385740765,0.22874009651075375,0,51
1,1.7479635217856329,4.409178487817265,0.22873612216157488,1,51
2,1.747961555595767,4.40917792606041,0.22873648803326446,2,51
3,1.747965258584132,4.409178984031644,0.22873579895571444,3,51
