,ReH,ReE,ReHT,index,replica
0,1.9235400351228278,1.1069189122436782,1.1011297344794988,0,83
1,1.9235364699968023,1.1069154946807451,1.1011231231839063,1,83
2,1.9235625910219487,1.1069405345466632,1.1011715629411802,2,83
3,1.9235382426588519,1.1069171939722509,1.101126410485995,3,83
