,ReH,ReE,ReHT,index,replica
0,2.2691870459965644,-4.268187465955972,0.19320786346612934,0,59
1,2.26957294543499,-4.268237713184233,0.193115271858756,1,59
2,2.2695449000115784,-4.268234061443902,0.19312200100042487,2,59
3,2.2695188971214373,-4.268230675656245,0.19312824005840312,3,59
