,ReH,ReE,ReHT,index,replica
0,4.326938107893911,6.573569351546577,2.746084412827945,0,45
1,4.326804823759476,6.5740371914793005,2.746894180221374,1,45
2,4.325098841901202,6.580025349338786,2.7572588683145334,2,45
3,4.326681198186618,6.574471128944893,2.7476452670473273,3,45
