,ReH,ReE,ReHT,index,replica
0,1.884929284464977,3.4532218328997706,4.398455490449936,0,71
1,1.8851498344366777,3.4529149692334444,4.3984798847604845,1,71
2,1.8853876154309295,3.4525841310690524,4.3985061849382046,2,71
3,1.8821063359277268,3.457149561075795,4.3981432533510905,3,71
