,ReH,ReE,ReHT,index,replica
0,2.289997844254294,-4.7888417349196715,0.36038280703233283,0,56
1,2.2900120287931856,-4.788822409667607,0.3603769924339596,1,56
2,2.290196829333482,-4.7885706344294885,0.3603012380537316,2,56
3,2.2899820763494154,-4.788863217364026,0.3603892706919113,3,56
