,ReH,ReE,ReHT,index,replica
0,1.8494856157352109,-3.9070407004398366,-2.738215829521156,0,75
1,1.8497722582820544,-3.907024646619579,-2.7380675508024486,1,75
2,1.8491765785168957,-3.907058008506615,-2.738375692889722,2,75
3,1.853441164480925,-3.906819164349251,-2.736169644448399,3,75
