,ReH,ReE,ReHT,index,replica
0,-4.501067455818093,4.305777082079992,6.082183451797555,0,79
1,-4.502102286038181,4.300748780019905,6.078802947621627,1,79
2,-4.502270299988199,4.299932390167425,6.078254092506645,2,79
3,-4.502183134758118,4.30035593124439,6.078538837209797,3,79
