,ReH,ReE,ReHT,index,replica
0,3.3066348583366265,-5.420702164351414,-7.579393360658194,0,80
1,3.3065291021227328,-5.420770685852215,-7.5793456358173685,1,80
2,3.3065369753086644,-5.4207655846535,-7.579349188766144,2,80
3,3.3065449574140318,-5.420760412892664,-7.57935279086816,3,80
