,ReH,ReE,ReHT,index,replica
0,2.5538534739203613,0.7745568035113056,-3.80153760279911,0,25
1,2.5538522988565675,0.7745562514898685,-3.8015381725232253,1,25
2,2.553867912748447,0.7745635862828468,-3.801530602272641,2,25
3,2.5538517021160376,0.7745559711886327,-3.8015384618422337,3,25
