,ReH,ReE,ReHT,index,replica
0,1.4096923472038219,1.17961692663124,4.476877726695248,0,67
1,1.4096966090560938,1.1796178963414696,4.476879660473836,1,67
2,1.409697523092815,1.17961810440194,4.476880075490353,2,67
3,1.409697157321343,1.1796180210792797,4.476879909214116,3,67
