,ReH,ReE,ReHT,index,replica
0,1.3984701091149587,-1.7981332480173493,5.932050476545573,0,20
1,1.3984739258507952,-1.798141001072818,5.9320466232085085,1,20
2,1.3984745446214468,-1.7981422580061444,5.932045998508032,2,20
3,1.398474221506155,-1.798141601619002,5.9320463247234265,3,20
