,ReH,ReE,ReHT,index,replica
0,2.6018558176555473,-4.677401040143738,-0.8371773827945709,0,18
1,2.601851152553493,-4.677392688365337,-0.837189158795298,1,18
2,2.6018535331260413,-4.677396950209779,-0.837183149608455,2,18
3,2.601883274540552,-4.677450195371975,-0.837108073917666,3,18
