,ReH,ReE,ReHT,index,replica
0,1.2426600510394121,5.166034479854142,3.608039011307363,0,28
1,1.2427615919680859,5.16600748187068,3.6078453504361585,1,28
2,1.242665563556757,5.166033014171163,3.6080284977232253,2,28
3,1.2426497556132603,5.16603721722874,3.608058646961228,3,28
