,ReH,ReE,ReHT,index,replica
0,2.6102849141126514,-4.10799949161771,-2.258977531451623,0,19
1,2.610253416681242,-4.108065979507459,-2.258969193107447,1,19
2,2.6102557598602414,-4.108061033291978,-2.2589698134171075,2,19
3,2.610257805217742,-4.108056715746942,-2.2589703548797555,3,19
