,ReH,ReE,ReHT,index,replica
0,2.5073036720415125,2.8250321649125265,-1.2587917130646766,0,29
1,2.507303761071461,2.825004105909109,-1.2588157962907578,1,29
2,2.5073037315756292,2.8250134018621877,-1.2588078175123067,2,29
3,2.507302938738201,2.8252632719949533,-1.2585933523401103,3,29
