,ReH,ReE,ReHT,index,replica
0,-0.7300287017671417,4.025499625820383,-2.1991209221030528,0,93
1,-0.7296881089928958,4.025466434732952,-2.199563436228522,1,93
2,-0.7298520030613769,4.025482406364427,-2.199350497358623,2,93
3,-0.7275903326143371,4.025262004444816,-2.202288965806569,3,93
