,ReH,ReE,ReHT,index,replica
0,1.7891515927516728,0.6246804198939411,2.349861161203756,0,9
1,1.7891480168210254,0.6246845474577992,2.3498506529238252,1,9
2,1.7891032076615825,0.6247362690439551,2.3497189760776624,2,9
3,1.7891548836813056,0.6246766212931618,2.349870831982641,3,9
