,ReH,ReE,ReHT,index,replica
0,2.348747486765362,0.11694242289848576,-2.0283827821231837,0,58
1,2.348745757418647,0.11694140480677397,-2.0283834351281618,1,58
2,2.348749330246258,0.11694350817700354,-2.0283820860088486,2,58
3,2.3487236920826238,0.11692841461289805,-2.028391767066342,3,58
