,ReH,ReE,ReHT,index,replica
0,1.46860867885791,-2.2134326831995796,5.659304337060641,0,7
1,1.4685828322673822,-2.213380719150628,5.659230470641685,1,7
2,1.468777332490338,-2.213771757904923,5.659786328678848,2,7
3,1.4685952193433631,-2.213405623119287,5.659265871401193,3,7
