,ReH,ReE,ReHT,index,replica
0,2.057999320443492,-3.0881621753169535,1.484686792756377,0,34
1,2.058008498025976,-3.088169131114503,1.484689305788063,1,34
2,2.0581252706387465,-3.0882576344495734,1.4847212807997978,2,34
3,2.0579894229814863,-3.088154673914581,1.4846840826127208,3,34
