,ReH,ReE,ReHT,index,replica
0,-1.679162899236966,-7.276231375554715,4.21008854421397,0,13
1,-1.6789154167570253,-7.2762917510143,4.210054581396147,1,13
2,-1.679429716909548,-7.276166283110407,4.210125160462809,2,13
3,-1.675747743239235,-7.277064531958503,4.209619871358278,3,13
