,ReH,ReE,ReHT,index,replica
0,1.463973790495511,1.1876924998576701,3.838183724145134,0,96
1,1.4639580878003233,1.1877082285893992,3.8381969303134276,1,96
2,1.4639425294178339,1.1877238127598948,3.838210015106327,2,96
3,1.4641717015150775,1.1874942607503014,3.838017278479887,3,96
