,ReH,ReE,ReHT,index,replica
0,2.0120105133924424,2.714502075298417,-0.5380014717409607,0,70
1,2.0120208256011356,2.7144938090748463,-0.5379905082845929,1,70
2,2.012019005125497,2.714495268450765,-0.5379924437835746,2,70
3,2.0120198047962066,2.7144946274988033,-0.5379915936478452,3,70
