,ReH,ReE,ReHT,index,replica
0,0.6649568063012996,5.116687689229256,-5.907053065210812,0,42
1,0.666390258260714,5.124452760083287,-5.9151896078601585,1,42
2,0.6648448142521766,5.1160810234833445,-5.9064173772938116,2,42
3,0.6647240725440584,5.1154269604689695,-5.905732024679391,3,42
