,ReH,ReE,ReHT,index,replica
0,2.673406919152791,1.462626543247021,-5.075797541604226,0,26
1,2.6735474381833573,1.462559028822687,-5.075718147897096,1,26
2,2.6735278506400952,1.4625684399446244,-5.075729214921433,2,26
3,2.6735366583766655,1.4625642081377266,-5.0757242385240104,3,26
