,ReH,ReE,ReHT,index,replica
0,2.9211635618342306,-2.4415842444240274,-5.867256266535557,0,43
1,2.921160685674529,-2.4415811041228146,-5.867256169123925,1,43
2,2.92115752976819,-2.441577658385479,-5.8672560622314,2,43
3,2.9211181659460417,-2.4415346794706885,-5.867254728987277,3,43
