,ReH,ReE,ReHT,index,replica
0,1.6184192853400075,1.5638042978416709,3.174997527944833,0,55
1,1.6184040047623935,1.5637741716066493,3.1749326191205864,1,55
2,1.618402803432023,1.5637718031587116,3.174927516137501,2,55
3,1.618405103433718,1.5637763376841773,3.174937286063135,3,55
