,ReH,ReE,ReHT,index,replica
0,1.9562732158023997,-3.0998171812745734,2.122751941873153,0,16
1,1.9562726859812427,-3.0998183358129863,2.1227523243368793,1,16
2,1.956272756855144,-3.09981818215215,2.122752273248997,2,16
3,1.956277894504906,-3.099806979436845,2.1227485638343317,3,16
