,ReH,ReE,ReHT,index,replica
0,1.4769341776457587,1.9383974653135554,4.0823792540309265,0,74
1,1.4769355119473917,1.9385689129415722,4.082454367043056,1,74
2,1.4769356166487602,1.9385823680923573,4.082460261907869,2,74
3,1.4769357284526035,1.9385967336661167,4.0824665556126645,3,74
