,ReH,ReE,ReHT,index,replica
0,2.4860933241974923,5.5929814489850465,-6.920847151280281,0,5
1,2.4858303910015787,5.592727863290496,-6.920582493121907,1,5
2,2.4858685098888893,5.592764627020641,-6.920620862087169,2,5
3,2.4858498243739895,5.592746605790987,-6.920602053988808,3,5
