,ReH,ReE,ReHT,index,replica
0,2.431502586578344,-1.2499738544742218,0.624529856060515,0,36
1,2.4313980216473006,-1.2499822792672806,0.626725050010462,1,36
2,2.4315107559773583,-1.2499731962654148,0.6243583509993167,2,36
3,2.431519563631115,-1.2499724866334192,0.6241734466721183,3,36
