,ReH,ReE,ReHT,index,replica
0,2.177667112010292,4.59916624639722,-3.4591025309148122,0,68
1,2.177387507397067,4.599280954652015,-3.4590135542173845,1,68
2,2.1774078206624177,4.599272621101437,-3.459020018372942,2,68
3,2.1773655930652147,4.599289945041896,-3.459006580566792,3,68
