,ReH,ReE,ReHT,index,replica
0,1.532886257290225,3.8175208397672318,2.423256759514312,0,38
1,1.5328451625230533,3.81746712616149,2.4232249068667597,1,38
2,1.5334089999744962,3.818204099393218,2.423661938571028,2,38
3,1.5329238406088033,3.8175699636782863,2.4232858904327212,3,38
