,ReH,ReE,ReHT,index,replica
0,1.3610552513251655,3.445834038725046,-1.6053577846819351,0,61
1,1.3591646079670516,3.441092590176778,-1.6023014059886833,1,61
2,1.3593016152098838,3.441436183690125,-1.602522889335712,2,61
3,1.3594286940943965,3.4417548783768437,-1.602728322683713,3,61
