,ReH,ReE,ReHT,index,replica
0,1.7070816657613608,5.601887212502252,-0.031180782217832756,0,54
1,1.7070559703093409,5.601861233213269,-0.031171562420684737,1,54
2,1.7070595218146174,5.601864823951326,-0.031172836742280517,2,54
3,1.7070577731019811,5.601863055922991,-0.031172209299240118,3,54
