,ReH,ReE,ReHT,index,replica
0,1.931565725400685,-2.3121012413001303,2.120690192521333,0,1
1,1.931538657529709,-2.312088464527374,2.120681758201103,1,1
2,1.931780594784217,-2.312202665519705,2.1207571456044816,2,1
3,1.9315735190337788,-2.312104920109131,2.120692621011731,3,1
