,ReH,ReE,ReHT,index,replica
0,2.3771213389308756,-2.830988712337697,-1.046794338675023,0,100
1,2.377090568290833,-2.830971869331547,-1.0468034328516334,1,100
2,2.377062249441618,-2.830956368369643,-1.0468118024044109,2,100
3,2.3775069084443894,-2.8311997625299874,-1.046680384718473,3,100
