,ReH,ReE,ReHT,index,replica
0,2.185207522387696,4.714302998108703,-2.9009892608587466,0,46
1,2.185332970939884,4.7143121164440505,-2.9009217196570614,1,46
2,2.1852168547951156,4.71430367644435,-2.9009842363111176,2,46
3,2.1851975535259927,4.71430227351496,-2.900994628068938,3,46
