,ReH,ReE,ReHT,index,replica
0,2.743666930865245,-1.5062840318787747,-4.238601404548895,0,6
1,2.7436638020971564,-1.5062794758860587,-4.238603671286103,1,6
2,2.743706837663103,-1.5063421438530247,-4.238572492100415,2,6
3,2.743669811692657,-1.5062882269126372,-4.2385993173938505,3,6
