,ReH,ReE,ReHT,index,replica
0,1.9679784751701415,1.3205971741197011,-0.4882174580944625,0,30
1,1.967949812238551,1.3205452075519957,-0.4881803368837938,1,30
2,1.9679806773615067,1.320601166742188,-0.48822031013739464,2,30
3,1.9679831218008932,1.3206055985713232,-0.4882234759207975,3,30
