,ReH,ReE,ReHT,index,replica
0,2.515936534025321,-0.9574798521200893,-3.083379429760039,0,87
1,2.515775334941633,-0.9572570247067815,-3.0834329308416755,1,87
2,2.515761946788883,-0.9572385181071585,-3.0834373742931622,2,87
3,2.515786277396756,-0.9572721505894481,-3.0834292991017245,3,87
