,ReH,ReE,ReHT,index,replica
0,1.7532946129617517,2.7424169851968925,0.9292118601869794,0,12
1,1.7532972375549984,2.7424134583669346,0.929211899809649,1,12
2,1.7532604338111661,2.7424629139168184,0.9292113441269242,2,12
3,1.7533001524038578,2.7424095415073344,0.9292119438144898,3,12
