,ReH,ReE,ReHT,index,replica
0,2.7517787089782724,-5.757193426493563,-1.3770228423616793,0,21
1,2.751798678389112,-5.757201323619904,-1.376976173319932,1,21
2,2.7517769330999755,-5.757192724197994,-1.3770269926356415,2,21
3,2.751775174811606,-5.757192028865158,-1.3770311018066166,3,21
