,ReH,ReE,ReHT,index,replica
0,2.3271098572519096,-2.032140237160945,-1.1747836933059101,0,44
1,2.3271024302248238,-2.0321287849054626,-1.17478578494997,1,44
2,2.327154998596156,-2.032209843749964,-1.1747709804104234,2,44
3,2.3271072480628447,-2.0321362138679238,-1.1747844281228668,3,44
