,ReH,ReE,ReHT,index,replica
0,1.5251131826605562,1.076232537788226,4.033055279104877,0,60
1,1.5250884009832641,1.0757906863298299,4.0328762916991305,1,60
2,1.5250843819989273,1.0757190287907568,4.032847264303275,2,60
3,1.525086481147182,1.0757564560840676,4.032862425535548,3,60
