,ReH,ReE,ReHT,index,replica
0,1.174346966084652,6.098568523670284,3.9545682039409398,0,10
1,1.1741292467875257,6.098255022437925,3.9544947400376973,1,10
2,1.174144773296884,6.098277379574468,3.9544999790687383,2,10
3,1.1741595021678188,6.098298588164317,3.954504948955985,3,10
