,ReH,ReE,ReHT,index,replica
0,2.108388250169333,3.8880755523143655,-2.4084009335645113,0,35
1,2.108278626091696,3.8879919616825047,-2.408361041393816,1,35
2,2.108270354046069,3.887985654076979,-2.408358031200099,2,35
3,2.1082608741432116,3.88797842545621,-2.408354581469021,3,35
