,ReH,ReE,ReHT,index,replica
0,-1.1202197903564466,-6.288342970714975,-2.5839251007837705,0,63
1,-1.120267665308349,-6.288265544808871,-2.584130570617379,1,63
2,-1.1201753847087428,-6.288414785876656,-2.5837345205095685,2,63
3,-1.119607010754466,-6.289333990305199,-2.5812951717484456,3,63
