,ReH,ReE,ReHT,index,replica
0,4.183144509909704,-4.546120092695923,4.642763639316296,0,81
1,4.1832659101782,-4.545842470377602,4.642305335228825,1,81
2,4.1815906366146685,-4.549673543706976,4.648629742372121,2,81
3,4.183031907024985,-4.546377596854043,4.643188731973773,3,81
