,ReH,ReE,ReHT,index,replica
0,2.4474473687076035,-3.5321654956040307,-1.0749034520676268,0,41
1,2.447088119651868,-3.532248992484727,-1.0750604309287715,1,41
2,2.4474754849013056,-3.5321589608204134,-1.074891166305415,2,41
3,2.447505620438487,-3.5321519567033093,-1.074877998166387,3,41
