,ReH,ReE,ReHT,index,replica
0,1.5684742403936092,-1.5743521616606173,4.56354960207056,0,47
1,1.5682723196693478,-1.5743710739485153,4.563465550954821,1,47
2,1.5682876240951784,-1.5743696405045924,4.563471921545045,2,47
3,1.5682646745178053,-1.5743717900072738,4.563462368598328,3,47
