,ReH,ReE,ReHT,index,replica
0,2.869552941682776,-6.687227128758861,-3.0930220161065645,0,98
1,2.8696774063877766,-6.687196552186117,-3.0930188262046627,1,98
2,2.869659974543312,-6.687200834569632,-3.093019272962988,2,98
3,2.869666101294189,-6.6871993294463135,-3.093019115942468,3,98
