,ReH,ReE,ReHT,index,replica
0,2.429438990786145,1.2508798684338929,-2.097189197370792,0,52
1,2.4294226725088977,1.2508308891413473,-2.097230715239678,1,52
2,2.4294232654196746,1.250832668782782,-2.097229206690937,2,52
3,2.4294244481515808,1.25083621872816,-2.0972261975552478,3,52
