,ReH,ReE,ReHT,index,replica
0,2.54825437080675,3.46974402781907,-6.352650593261956,0,53
1,2.548230437058102,3.4697401970900437,-6.352631508069864,1,53
2,2.5486705596278245,3.4698106411006204,-6.352982469518788,2,53
3,2.5482856136240892,3.4697490283992467,-6.352675506829719,3,53
