,ReH,ReE,ReHT,index,replica
0,3.440626281758571,-6.41262640711439,-8.02438713385078,0,31
1,3.4408559890606574,-6.412802738448554,-8.024400254404505,1,31
2,3.440593423135799,-6.412601183689549,-8.024385257013485,2,31
3,3.440607708228189,-6.412612149423053,-8.024386072957052,3,31
