,ReH,ReE,ReHT,index,replica
0,1.7548202678149303,7.041890779986897,-1.3226474952583747,0,66
1,1.7547809101719514,7.04187825670974,-1.3226227070077368,1,66
2,1.7545496315347717,7.041804665754604,-1.3224770429882566,2,66
3,1.7547896933628238,7.041881051448861,-1.322628238841398,3,66
