,ReH,ReE,ReHT,index,replica
0,-4.040671816843238,1.9837630975383336,-8.94404202974793,0,15
1,-4.040497591187901,1.9836209960291493,-8.944294862909947,1,15
2,-4.040859654317119,1.9839163010862089,-8.943769443358036,2,15
3,-4.038267574765131,1.9818021554087313,-8.947531022947645,3,15
