,ReH,ReE,ReHT,index,replica
0,1.8742810106444998,-3.3687605156270415,3.0813390723097753,0,39
1,1.874030136433826,-3.3687702300472973,3.0812596005547843,1,39
2,1.8740098689713287,-3.36877101485432,3.0812531802389103,2,39
3,1.873994378428324,-3.3687716146776863,3.0812482731591477,3,39
