,ReH,ReE,ReHT,index,replica
0,1.936796773415758,-3.4169889507504703,2.7117316207035094,0,65
1,1.9367960266702822,-3.416988826916493,2.711731144869772,1,65
2,1.9367858369916213,-3.4169871370456733,2.7117246520337153,2,65
3,1.936797681407286,-3.41698910131982,2.7117321992896875,3,65
