,ReH,ReE,ReHT,index,replica
0,2.2144180121507167,0.22739172688196607,-0.6624828143186243,0,23
1,2.214313664387686,0.22736548997410946,-0.6626299019914975,1,23
2,2.214304402677535,0.2273631612351306,-0.6626429572203151,2,23
3,2.214320277610417,0.22736715278475217,-0.6626205800506528,3,23
