,ReH,ReE,ReHT,index,replica
0,1.9785354987227968,1.2630880523051295,0.011630331206625315,0,77
1,1.9785250403003678,1.2630944658759926,0.011628517446887025,1,77
2,1.978513157740788,1.263101752795537,0.011626456706368225,2,77
3,1.978395292051764,1.2631740332881445,0.011606015754899657,3,77
