,ReH,ReE,ReHT,index,replica
0,2.1303295779996843,-3.4387921339257845,1.4109099652096821,0,78
1,2.130314492640938,-3.438797284635837,1.4108966292660843,1,78
2,2.130126966636574,-3.4388613130691423,1.4107308502477043,2,78
3,2.1303013275248617,-3.4388017797035753,1.4108849908816339,3,78
