,ReH,ReE,ReHT,index,replica
0,1.364566297122314,8.650913945424357,1.6423878889627677,0,14
1,1.364518278116007,8.651332030129542,1.6424634275741816,1,14
2,1.363903654663389,8.656683341621708,1.643430290579552,2,14
3,1.3644737388515602,8.651719817932346,1.642533492207993,3,14
