,ReH,ReE,ReHT,index,replica
0,1.857234799650671,-2.6685270204864615,3.377977167294179,0,95
1,1.857235905625271,-2.6685212050895695,3.3779803967496322,1,95
2,1.857254984496075,-2.6684208852797964,3.3780361073028207,2,95
3,1.8572327637600585,-2.668537725539144,3.3779712224537377,3,95
