,ReH,ReE,ReHT,index,replica
0,1.1449792789056938,8.329506788478122,-7.613546309045647,0,0
1,1.1449371981460668,8.329564722245262,-7.613545461754992,1,0
2,1.1448918297208226,8.329627182238369,-7.613544548268698,2,0
3,1.1455178952482736,8.328765260146028,-7.613557154005017,3,0
