,ReH,ReE,ReHT,index,replica
0,1.4709241092470622,-2.0538533064768445,5.507218389979274,0,8
1,1.470925204915494,-2.053854501918453,5.507218866655361,1,8
2,1.470924640599074,-2.053853886264684,5.507218621190642,2,8
3,1.470917387070069,-2.0538459723734395,5.507215465672214,3,8
