,ReH,ReE,ReHT,index,replica
0,-0.9170600429906932,-0.12851174511887037,-0.4024781283322076,0,24
1,-0.9171889905557699,-0.1282708066538598,-0.4024924761291314,1,24
2,-0.9173280124744757,-0.12801104426342585,-0.40250794488409747,2,24
3,-0.9154095674209266,-0.1315956579536568,-0.40229448245328747,3,24
