,ReH,ReE,ReHT,index,replica
0,0.06457846207117698,-8.477812882107749,-6.038258745046715,0,85
1,0.0647226525644384,-8.477990447569681,-6.038760807908304,1,85
2,0.06656823131787348,-8.480263212137075,-6.045187005149755,2,85
3,0.06485639415794522,-8.478155145583784,-6.039226488310767,3,85
