,ReH,ReE,ReHT,index,replica
0,2.055993984621212,2.538352123786728,0.7292322156486104,0,33
1,2.0559735741080054,2.5381282528877316,0.7289010095801088,1,33
2,2.0559718775319897,2.538109644113918,0.72887347881055,2,33
3,2.0559701132939034,2.5380902933037808,0.728844850222486,3,33
