,ReH,ReE,ReHT,index,replica
0,2.0915104101466553,-3.2145351717525763,-0.09805820678765667,0,69
1,2.0915309119023826,-3.2145490443891696,-0.09809092424324148,1,69
2,2.091656767262408,-3.214634205185509,-0.0982917688001741,2,69
3,2.0915237094993184,-3.2145441708393543,-0.09807943038322181,3,69
