,ReH,ReE,ReHT,index,replica
0,3.007412356537892,-2.4992756717605653,-5.697937593004945,0,48
1,3.0076027395335236,-2.499389183458828,-5.697819302840866,1,48
2,3.007397732922454,-2.499266952743359,-5.697946679065353,2,48
3,3.0074262201488207,-2.499283937634944,-5.6979289791647165,3,48
