,ReH,ReE,ReHT,index,replica
0,0.44827491754169846,8.631392452171283,9.038212273431572,0,72
1,0.44823472584613355,8.631442279485338,9.038248721151774,1,72
2,0.4479867737029654,8.631749676057623,9.038473575813065,2,72
3,0.4482527539516423,8.63141992929318,9.03823237241824,3,72
