,ReH,ReE,ReHT,index,replica
0,2.573389551955863,1.0295303813881578,-4.564269589874626,0,3
1,2.5733841787195093,1.0295087584445621,-4.564265013702525,1,3
2,2.573379010799761,1.0294879617500634,-4.564260612401558,2,3
3,2.5733168389840575,1.0292377704279199,-4.564207663229558,3,3
