,ReH,ReE,ReHT,index,replica
0,1.0634817347023748,0.3820210484942095,0.6939065789913812,0,32
1,1.0602848955046782,0.3813202585757837,0.6915412983154469,1,32
2,1.0607314318011372,0.3814181453052294,0.6918716820509838,2,32
3,1.0605165574529059,0.38137104197349314,0.6917127005973402,3,32
