,ReH,ReE,ReHT,index,replica
0,2.6645686623423765,-0.44680813626975513,-5.931142759006013,0,64
1,2.665112800359302,-0.4471996732199246,-5.931663955431679,1,64
2,2.6645259218820136,-0.4467773821794294,-5.931101820540848,2,64
3,2.6644808479007422,-0.4467449489937718,-5.9310586469399755,3,64
