,ReH,ReE,ReHT,index,replica
0,1.7809625739655228,-8.565834666124102,4.85392646951804,0,62
1,1.781005297807611,-8.56497168642855,4.853400515993968,1,62
2,1.7806994296349306,-8.571149923824217,4.8571659182996125,2,62
3,1.780983132781215,-8.56541939820528,4.853673379408688,3,62
