,ReH,ReE,ReHT,index,replica
0,2.535662113218976,-1.1083575475001377,-3.708586520150055,0,40
1,2.535652114539117,-1.1083548153775524,-3.708581821786613,1,40
2,2.5356471607225037,-1.1083534617620874,-3.708579493992022,2,40
3,2.535785269210929,-1.1083911996196543,-3.7086443909816946,3,40
