,ReH,ReE,ReHT,index,replica
0,2.106378536615617,-2.1726882150404143,1.0114561293913735,0,57
1,2.1063604744469075,-2.172684344464041,1.0114383022797844,1,57
2,2.1062345348917235,-2.172657356583135,1.011314001641463,2,57
3,2.1063706011792167,-2.172686514539558,1.0114482972222905,3,57
