,ReH,ReE,ReHT,index,replica
0,2.3800322675557815,1.0016573325452893,-3.521497275845225,0,73
1,2.3797777975628076,1.0020594405051513,-3.5214362596417077,1,73
2,2.379796091183522,1.0020305333256974,-3.5214406460414347,2,73
3,2.379757791222386,1.0020910540833772,-3.5214314625724086,3,73
