,ReH,ReE,ReHT,index,replica
0,1.3472357923187237,3.985958676148554,3.5878237266895803,0,84
1,1.3472283139937797,3.9859602146705337,3.5878237608549126,1,84
2,1.3472352850777,3.9859587804933434,3.5878237290097257,2,84
3,1.3472347734587042,3.98595888576177,3.587823731347581,3,84
