,ReH,ReE,ReHT,index,replica
0,1.9863218842545565,4.055974538010554,-0.917750173844725,0,17
1,1.9863418977327534,4.055977298522361,-0.917729555063951,1,17
2,1.9863003154715897,4.055971562988448,-0.9177723949582681,2,17
3,1.9864589121681449,4.055993438597696,-0.9176090015843603,3,17
