,ReH,ReE,ReHT,index,replica
0,1.9317549111010646,2.9675860279798627,-0.12800822241071694,0,22
1,1.9317518153070674,2.9675672264700954,-0.1280074545775164,1,22
2,1.9317538212864656,2.967579409258526,-0.12800795210198646,2,22
3,1.9317737081730777,2.9677001871834126,-0.12801288457842153,3,22
