,ReH,ReE,ReHT,index,replica
0,2.402856382138852,3.8467537553911857,-4.370571359231693,0,97
1,2.402881461276345,3.846737773835059,-4.3705633342084065,1,97
2,2.4028857170409568,3.8467350618714957,-4.370561972413283,2,97
3,2.4028835456739204,3.84673644556933,-4.370562667227272,3,97
