,ReH,ReE,ReHT,index,replica
0,1.6156924018382517,-1.9386273400859366,4.355401573275068,0,90
1,1.6156915951744106,-1.9386271798305215,4.355401338922675,1,90
2,1.6157021920170693,-1.938629284558981,4.355404418037594,2,90
3,1.615693119204861,-1.9386274825445917,4.355401781741643,3,90
