,ReH,ReE,ReHT,index,replica
0,2.1295305540033604,0.30573160590572424,-0.8436281430744685,0,2
1,2.1297197933786025,0.30563827885385847,-0.8436440549971165,1,2
2,2.129732598718183,0.3056319636555597,-0.8436451317134488,2,2
3,2.129705757168761,0.30564520108293125,-0.8436428747805398,3,2
