,ReH,ReE,ReHT,index,replica
0,1.6560048619958492,3.1498284599189335,-6.590123673991499,0,6
1,1.6560107658439045,3.14981435535549,-6.590111412442116,1,6
2,1.6560846231697628,3.149637906800179,-6.589958019975368,2,6
3,1.6559994496096686,3.149841390358847,-6.590134914838762,3,6
