,ReH,ReE,ReHT,index,replica
0,2.425043147505906,-3.890713139989859,-1.9054321556298244,0,18
1,2.425041953958761,-3.890714192997386,-1.9054327612316027,1,18
2,2.425040670022865,-3.8907153257400244,-1.9054334127207138,2,18
3,2.4250584074510204,-3.8906996771724778,-1.905424412424875,3,18
