,ReH,ReE,ReHT,index,replica
0,-0.009040461289295233,4.30206508764829,-8.25583814513525,0,88
1,-0.009283463839486179,4.302044356567074,-8.255486869826846,1,88
2,-0.00593012902107759,4.302330436923757,-8.260334323983136,2,88
3,-0.009545451576599136,4.302022005818232,-8.255108150249878,3,88
