,ReH,ReE,ReHT,index,replica
0,2.130297513986603,-2.7310704829177146,1.0619114864440853,0,86
1,2.1304420698025366,-2.731109239992204,1.0620428662092027,1,86
2,2.1302861883980837,-2.7310674463965974,1.0619011931708706,2,86
3,2.130273973270244,-2.73106417137887,1.0618900914384868,3,86
