,ReH,ReE,ReHT,index,replica
0,1.7636426213332834,0.7479558102351069,-1.5666761952798398,0,43
1,1.7638012184518812,0.7480785097046718,-1.5666478328666678,1,43
2,1.7636310558718293,0.7479468625587098,-1.5666782635639684,2,43
3,1.7636169129992703,0.7479359208511187,-1.5666807927792805,3,43
