,ReH,ReE,ReHT,index,replica
0,2.0104681533058755,-1.5096337057323201,-0.32866478050252135,0,82
1,2.0103037381599815,-1.509618821136991,-0.3285262793999705,1,82
2,2.0103161977461426,-1.5096199491111788,-0.328536775186848,2,82
3,2.010297509169609,-1.509618257225307,-0.3285210321799509,3,82
