,ReH,ReE,ReHT,index,replica
0,2.0573761871697203,-3.6441693833029785,5.537529544193962,0,75
1,2.0573760721655683,-3.644169436964906,5.537529513479948,1,75
2,2.05737535277083,-3.644169772655456,5.5375293228711335,2,75
3,2.057377431689933,-3.6441688025850856,5.537529875537333,3,75
