,ReH,ReE,ReHT,index,replica
0,-3.4001553234890736,0.31601871543894033,-7.307302458152478,0,16
1,-3.4001026124497193,0.3160002384072098,-7.307556357501921,1,16
2,-3.3994279329212667,0.3157637400452007,-7.310806164285988,2,16
3,-3.4000537211653787,0.31598310033161037,-7.307791857796143,3,16
