,ReH,ReE,ReHT,index,replica
0,0.4228038740322469,8.645898584831972,7.404776918207365,0,55
1,0.4229694012383377,8.645683433021428,7.404580925334956,1,55
2,0.42265034191025186,8.646098145464492,7.404958708273,2,55
3,0.42068519416717365,8.648652439129684,7.407285546020546,3,55
