,ReH,ReE,ReHT,index,replica
0,1.188984107513881,3.199365576100718,3.796674819360232,0,61
1,1.18900650081976,3.1993394775618196,3.7966590186007303,1,61
2,1.1890305618626957,3.199311435350502,3.7966420410852573,2,61
3,1.1887013860280224,3.1996950770935735,3.7968743081669882,3,61
