,ReH,ReE,ReHT,index,replica
0,1.921759213067007,-0.2324787396238479,-2.506625617133557,0,22
1,1.921699801262425,-0.23265184029392622,-2.506402244886936,1,22
2,1.92175705322859,-0.23248503247775593,-2.5066174967214834,2,22
3,1.9217668071065779,-0.23245661383839544,-2.5066541686507,3,22
