,ReH,ReE,ReHT,index,replica
0,1.9728793477871582,-3.1891698159577535,6.020048555274158,0,20
1,1.9727975345536717,-3.189190818993538,6.02003027678282,1,20
2,1.9727836675492205,-3.189194378915524,6.020027178653901,2,20
3,1.972794425844794,-3.1891916170500814,6.0200295822421,3,20
