,ReH,ReE,ReHT,index,replica
0,1.556978386458307,1.1700132876185942,1.790795757884818,0,65
1,1.5569735524952744,1.1700099277677907,1.7907938970319786,1,65
2,1.5569739037365036,1.170010171889798,1.7907940322436517,2,65
3,1.5569742272942144,1.1700103967760302,1.7907941568015777,3,65
