,ReH,ReE,ReHT,index,replica
0,1.3344853045393523,2.0484303075841455,4.058924269741639,0,78
1,1.3344859999599705,2.048431004074171,4.058923989478927,1,78
2,1.334485017688814,2.048430020163411,4.058924384512734,2,78
3,1.3344853205806646,2.048430323681241,4.058924263471482,3,78
