,ReH,ReE,ReHT,index,replica
0,1.7799681683858517,-1.3289328868569026,4.550928785950502,0,97
1,1.7799796317399295,-1.3289402081271628,4.550936186563163,1,97
2,1.7799624930954523,-1.3289292622400155,4.550925122047687,2,97
3,1.7801207654092717,-1.3290303455433756,4.551027300878366,3,97
