,ReH,ReE,ReHT,index,replica
0,1.6286856820105533,0.19153594019445594,2.837316531005712,0,56
1,1.628686453391078,0.19153666275357856,2.837311796225437,1,56
2,1.6286870417994805,0.1915372139240505,2.837308184569105,2,56
3,1.6286762057889754,0.19152706369993083,2.8373746965332045,3,56
