,ReH,ReE,ReHT,index,replica
0,2.2960509704085803,-4.316568974017079,0.5338330946676557,0,77
1,2.2961399484539458,-4.316940052182699,0.5337653655810222,1,77
2,2.29604581248988,-4.316547463195029,0.5338370208174397,2,77
3,2.2960363176843663,-4.316507865615952,0.5338442481571954,3,77
