,ReH,ReE,ReHT,index,replica
0,1.9845061010908966,-0.9508399002078718,-1.6081889726907495,0,89
1,1.9845223118127913,-0.9508311142646553,-1.6082164747920193,1,89
2,1.9845211242272738,-0.9508317579379673,-1.608214460031278,2,89
3,1.984520022810456,-0.9508323548906679,-1.6082125914331273,3,89
