,ReH,ReE,ReHT,index,replica
0,0.8804716707317701,6.179752710119028,1.3936167266015262,0,37
1,0.8802024735620742,6.179681744638636,1.3936810581881758,1,37
2,0.8802219426338844,6.179686877056076,1.3936764055522266,2,37
3,0.8801814149650042,6.179676193193989,1.39368609068358,3,37
