,ReH,ReE,ReHT,index,replica
0,1.0863862192082943,3.2346357679579496,6.082504009392011,0,87
1,1.086380056864519,3.2346482437058413,6.08250074063172,1,87
2,1.0863795740141033,3.234649221265283,6.0825004845235,2,87
3,1.0863790369733068,3.2346503084691487,6.082500199625521,3,87
