,ReH,ReE,ReHT,index,replica
0,1.7773267513560138,-0.9487298008367745,3.43219957881747,0,12
1,1.7773259682261662,-0.9487298923330181,3.4321991798142237,1,12
2,1.777325126377947,-0.9487299906868676,3.4321987509037353,2,12
3,1.7773367657966943,-0.9487286308101516,3.432204681134021,3,12
