,ReH,ReE,ReHT,index,replica
0,1.9966088765991756,-1.9984130041855757,1.2374107905699043,0,81
1,1.9966078404201602,-1.9983950535268757,1.2373970001616847,1,81
2,1.9966099222129725,-1.9984311182121242,1.237424706479795,2,81
3,1.9966231006113824,-1.9986594191609575,1.2376000963115534,3,81
