,ReH,ReE,ReHT,index,replica
0,1.9929992781352275,-2.4296357546316374,3.1354426795593686,0,19
1,1.9929948300737284,-2.4296318534468955,3.1354407059662734,1,19
2,1.9929951421538983,-2.429632127171187,3.1354408444415958,2,19
3,1.9929944717622554,-2.4296315391761603,3.135440546986294,3,19
