,ReH,ReE,ReHT,index,replica
0,-0.9165293765342925,-5.902959780477419,-4.426888987466578,0,33
1,-0.9166962236996261,-5.902258347981703,-4.42598367187483,1,33
2,-0.9166096637943546,-5.902622249461833,-4.4264533474117,2,33
3,-0.9155017327707036,-5.907280038048135,-4.432465000212642,3,33
