,ReH,ReE,ReHT,index,replica
0,1.4307455852850617,4.672898619592324,-6.6202756647992835,0,71
1,1.4308777575853595,4.672801951811156,-6.620298756249884,1,71
2,1.430755211724379,4.672891579040147,-6.620277346607268,2,71
3,1.4307641439434273,4.672885046216551,-6.620278907129377,3,71
