,ReH,ReE,ReHT,index,replica
0,1.9274387094832524,-1.9950824685139703,3.266588849651165,0,74
1,1.9274379386438318,-1.9950825981519076,3.2665889739070417,1,74
2,1.9274395651586014,-1.9950823246568148,3.2665887116903396,2,74
3,1.9274279004609731,-1.9950842861524922,3.2665905921207425,3,74
