,ReH,ReE,ReHT,index,replica
0,1.9280851644484536,-1.1184947041128872,0.3488680337659036,0,49
1,1.9280802548963845,-1.1184989989399325,0.34887542215706924,1,49
2,1.9280835418048508,-1.1184961235929471,0.3488704756889187,2,49
3,1.9280404132076074,-1.1185338520120858,0.3489353799367101,3,49
