,ReH,ReE,ReHT,index,replica
0,0.9914951316440875,4.7497853490591275,3.3361815300175044,0,23
1,0.9914991417688053,4.749785512427631,3.336185974351621,1,23
2,0.9914994752369969,4.749785525968241,3.336186343918534,2,23
3,0.9914998221446811,4.749785540156179,3.33618672841044,3,23
