,ReH,ReE,ReHT,index,replica
0,2.160607446579694,-1.8980163677632147,-2.295416583303777,0,83
1,2.1606366551065266,-1.8980310078523694,-2.2953964454503617,1,83
2,2.1608089271339628,-1.898117355169097,-2.295277672289882,2,83
3,2.1606223353090304,-1.8980238303931118,-2.295406318253118,3,83
