,ReH,ReE,ReHT,index,replica
0,2.689137571654866,-5.719808544810307,-2.071623552043647,0,52
1,2.689038948007747,-5.719872510423565,-2.0717106081741012,1,52
2,2.689154249155683,-5.7197977280639485,-2.071608830643111,2,52
3,2.6891413060643288,-5.719806122732477,-2.071620255645904,3,52
