,ReH,ReE,ReHT,index,replica
0,2.182207120552807,-3.236627745682208,1.2550850559984115,0,5
1,2.181883326528012,-3.236452188057716,1.255187310625875,1,5
2,2.1818309038978536,-3.236423765073702,1.2552038657715578,2,5
3,2.181857956388817,-3.2364384326429185,1.255195322552209,3,5
