,ReH,ReE,ReHT,index,replica
0,1.855591367775138,-0.19221948244052672,-0.6445329063095958,0,91
1,1.8556991098459257,-0.19206803563982744,-0.6445008692523384,1,91
2,1.8555826900636965,-0.19223168020274928,-0.644535486621435,2,91
3,1.8556012375089703,-0.19220560912816725,-0.6445299715485175,3,91
