,ReH,ReE,ReHT,index,replica
0,1.411648896110948,1.767305706547274,3.187187842109521,0,42
1,1.4116486739799003,1.767305651182121,3.1871878278209245,1,42
2,1.411651702627311,1.7673064061301578,3.1871880225719993,2,42
3,1.4116491001920055,1.76730575737788,3.1871878552300674,3,42
