,ReH,ReE,ReHT,index,replica
0,1.0566910800503826,5.616827594365451,-0.9181707885750434,0,1
1,1.0568695935856849,5.616630865970328,-0.9181689428821063,1,1
2,1.0568568570999197,5.616644902040788,-0.9181690745682982,2,1
3,1.056844787701009,5.616658202956351,-0.9181691993561794,3,1
