,ReH,ReE,ReHT,index,replica
0,0.8255029574357796,3.345953305707197,4.077238144485328,0,9
1,0.8257765184449634,3.3452947907355908,4.07675778761915,1,9
2,0.8274614332964365,3.34123887041139,4.073799177322002,2,9
3,0.8256448802238194,3.345611669739479,4.076988936509563,3,9
