,ReH,ReE,ReHT,index,replica
0,2.5038578511070995,-6.549211356095334,1.9731025373845903,0,0
1,2.503862612866805,-6.549216639295746,1.9730710038477821,1,0
2,2.503923226239456,-6.549283890035465,1.9726696083774922,2,0
3,2.503852831576511,-6.549205786917556,1.9731357777936844,3,0
