,ReH,ReE,ReHT,index,replica
0,2.1186974682527193,-1.2693509323251453,-3.451034051612994,0,100
1,2.1186979477790935,-1.2693501697279848,-3.4510346077792464,1,100
2,2.118704034338214,-1.269340492079501,-3.4510416667428263,2,100
3,2.118698413183787,-1.2693494299122912,-3.451035147503405,3,100
