,ReH,ReE,ReHT,index,replica
0,0.9581489518285372,6.174486512920478,-0.36743838229988246,0,76
1,0.9579663290469735,6.174267589855862,-0.36734532049014323,1,76
2,0.9579803430093757,6.174284389396677,-0.36735246179077735,2,76
3,0.9579517308215986,6.174250089910368,-0.3673378814521412,3,76
