,ReH,ReE,ReHT,index,replica
0,2.660638115178765,-4.774348252261747,-3.943701200921182,0,40
1,2.660585523778342,-4.7741897978648105,-3.943896556172608,1,40
2,2.660630939965335,-4.774326633829636,-3.9437278538550293,2,40
3,2.660634542411459,-4.774337487750825,-3.9437144722708206,3,40
