,ReH,ReE,ReHT,index,replica
0,2.1053959489167062,-2.3926653401225844,0.5668879618313705,0,58
1,2.105396209928615,-2.3926655116121203,0.5668882504604138,1,58
2,2.105401932273133,-2.3926692717518856,0.5668945739835567,2,58
3,2.105394036333875,-2.3926640832414785,0.5668858495114395,3,58
