,ReH,ReE,ReHT,index,replica
0,1.9913168041203786,-0.4485867147525877,-3.001288252353142,0,59
1,1.991300018893165,-0.4485976999668182,-3.001289143971947,1,59
2,1.991285125370124,-0.44860744713791345,-3.001289935102969,2,59
3,1.9914831701497322,-0.4484778353117433,-3.001279415133113,3,59
