,ReH,ReE,ReHT,index,replica
0,-0.5838179657017608,8.179722413200146,3.093295410896679,0,93
1,-0.583850748934335,8.180559979625958,3.093799918016934,1,93
2,-0.5842703607789055,8.191280483966466,3.100257400799917,2,93
3,-0.58388115650035,8.181336851022495,3.094267865560141,3,93
