,ReH,ReE,ReHT,index,replica
0,1.3041105421094916,2.9862028888559955,1.7928438888086418,0,90
1,1.3040685884222967,2.9862191319431677,1.792825550345312,1,90
2,1.3044042057434795,2.986089191974974,1.7929722527237812,2,90
3,1.3040868061770148,2.9862120786332644,1.7928335135418045,3,90
