,ReH,ReE,ReHT,index,replica
0,2.5088275499812456,-3.9194202486314045,-4.247998087638514,0,25
1,2.5091241802655215,-3.9194214226263924,-4.248249491603757,1,25
2,2.508849878394635,-3.919420337000865,-4.248017011704666,2,25
3,2.5088105200947775,-3.9194201812304366,-4.247983654248069,3,25
