,ReH,ReE,ReHT,index,replica
0,-0.8601636938846173,5.561387690226141,4.92268809108938,0,30
1,-0.8590853287293829,5.551362819406009,4.928986773106436,1,30
2,-0.8589102464673979,5.549735191652685,4.930009420671267,2,30
3,-0.8590010787240967,5.55057960101831,4.929478873571849,3,30
