,ReH,ReE,ReHT,index,replica
0,6.669384801562469,-1.782427440986318,8.517444260884155,0,38
1,6.66972582621408,-1.782016057536654,8.51567762151698,1,38
2,6.669781194618988,-1.7819492657501446,8.515390791801202,2,38
3,6.669752469624827,-1.78198391716777,8.515539598362274,3,38
