,ReH,ReE,ReHT,index,replica
0,2.071030293891922,-1.7124099339127197,-0.9687095397008652,0,2
1,2.0710353962767956,-1.7124058477471493,-0.9687135620344371,1,2
2,2.071032613975282,-1.7124080784425662,-0.9687113680748716,2,2
3,2.071032220242178,-1.7124083931815473,-0.9687110578229632,3,2
