,ReH,ReE,ReHT,index,replica
0,-0.2169439877498185,2.7052690624634916,-2.010618382357519,0,45
1,-0.21704457456858334,2.701986001298126,-2.008335486232795,1,45
2,-0.2170305245452151,2.702444581127878,-2.0086543624470155,2,45
3,-0.21703728545041728,2.7022239114016706,-2.0085009184398794,3,45
