,ReH,ReE,ReHT,index,replica
0,1.7605055409512655,-1.2330187140597402,4.698696462837988,0,44
1,1.7604874346419899,-1.2330221532999492,4.698692238088524,1,44
2,1.7602546655046445,-1.2330663671138806,4.698637926006311,2,44
3,1.7605251988569948,-1.2330149801063772,4.698701049622472,3,44
