,ReH,ReE,ReHT,index,replica
0,1.7047896256434556,0.4495126564179551,0.5442854910806614,0,48
1,1.704794954888818,0.44951229691190375,0.5442816303224087,1,48
2,1.7047838012170051,0.4495130493334587,0.544289710563219,2,48
3,1.7048637537747582,0.44950765575357743,0.5442317892276292,3,48
