,ReH,ReE,ReHT,index,replica
0,2.6734279165217734,-5.1349390899782605,-4.4443867028321655,0,36
1,2.67338783269086,-5.134892717448976,-4.444362679713274,1,36
2,2.673464850716665,-5.134981818730832,-4.444408838303861,2,36
3,2.6739396055547062,-5.135531057268306,-4.444693369255474,3,36
