,ReH,ReE,ReHT,index,replica
0,1.9872405656504393,0.5845729073697591,-6.193838181287505,0,73
1,1.9873283356771938,0.5846699416955411,-6.193872065619601,1,73
2,1.9873353726865268,0.5846777214757366,-6.193874782314685,2,73
3,1.987341785468776,0.5846848111398029,-6.193877258020625,3,73
