,ReH,ReE,ReHT,index,replica
0,-2.6806456440710065,6.3878055440632835,-4.224476891913584,0,35
1,-2.6822103439023772,6.386163153307511,-4.225003573057613,1,35
2,-2.6824643869272027,6.385896496466701,-4.225089084457104,2,35
3,-2.682332590021635,6.386034837388955,-4.22504472135003,3,35
