,ReH,ReE,ReHT,index,replica
0,1.56054770916057,2.5748949286811493,-2.6086944058704087,0,98
1,1.560547281045776,2.574891177070435,-2.6086931097341663,1,98
2,1.56054690776902,2.5748879059581364,-2.608691979607904,2,98
3,1.5605419606509356,2.5748445538582008,-2.6086770020604906,3,98
