,ReH,ReE,ReHT,index,replica
0,2.351576739741814,5.791216636375989,-9.124960533973798,0,62
1,2.354836879151243,5.78783371955763,-9.123063624648765,1,62
2,2.3550915857620858,5.787569420651833,-9.122915423824772,2,62
3,2.3546006300937914,5.788078865794592,-9.123201085960769,3,62
