,ReH,ReE,ReHT,index,replica
0,0.6742647275291275,7.683769187090711,1.3275760442707378,0,14
1,0.6742497446263436,7.683750105511988,1.3275743360516628,1,14
2,0.6742784277643462,7.683786635121729,1.3275776062516154,2,14
3,0.6744553023678661,7.684011895010232,1.3275977719453742,3,14
