,ReH,ReE,ReHT,index,replica
0,1.3368118838673984,3.1808075953378268,0.36078344990926164,0,27
1,1.3366537961456864,3.180764212466057,0.3609514742605482,1,27
2,1.3368345431034698,3.18081381354627,0.3607593664268294,2,27
3,1.3368247146397794,3.1808111163885906,0.3607698126648517,3,27
