,ReH,ReE,ReHT,index,replica
0,1.186541901651395,3.451825499239326,3.031575413834094,0,69
1,1.1865367969772405,3.451832428589605,3.031586137573062,1,69
2,1.186592967512842,3.4517561798662197,3.031468136333788,2,69
3,1.1865446652538552,3.4518217477849378,3.0315696081455714,3,69
