,ReH,ReE,ReHT,index,replica
0,1.72385812850546,1.0902007408963272,-1.8557095804986827,0,28
1,1.72369501223272,1.090189787414387,-1.8556776915645834,1,28
2,1.7237070123258476,1.0901905932412173,-1.855680037559682,2,28
3,1.723683133413298,1.090188989742119,-1.8556753692742716,3,28
