,ReH,ReE,ReHT,index,replica
0,1.1225403812163126,-5.737015216049375,7.778174440423367,0,70
1,1.117938951608732,-5.733589539713977,7.773377468578973,1,70
2,1.1175794533195686,-5.73332190011382,7.773002693059655,2,70
3,1.1182723985175205,-5.733837784560335,7.773725085639187,3,70
