,ReH,ReE,ReHT,index,replica
0,1.505840836102481,0.8521926553455483,3.940324629126005,0,4
1,1.5058407075455364,0.8521923563134364,3.9403245544372325,1,4
2,1.5058424579243495,0.8521964290704162,3.9403255715569667,2,4
3,1.505840954922259,0.8521929318466668,3.9403246981715485,3,4
