,ReH,ReE,ReHT,index,replica
0,2.135494246140764,-1.0773950734763291,-3.526814248339754,0,53
1,2.135552169118891,-1.0770526004195884,-3.5266196826761447,1,53
2,2.135498684506567,-1.077368831342862,-3.5267993396665935,2,53
3,2.1355023142707914,-1.0773473701282332,-3.52678714712813,3,53
