,ReH,ReE,ReHT,index,replica
0,1.7584889214462596,0.07784596713000291,0.7655040635157517,0,46
1,1.7584903431341328,0.07784947803768189,0.7655051184168262,1,46
2,1.758495295039499,0.07786170696897529,0.7655087927802988,2,46
3,1.7584514655604235,0.07775346829372187,0.7654762708710183,3,46
