,ReH,ReE,ReHT,index,replica
0,-0.6377372797849638,4.0107430189466,9.120978111008643,0,29
1,-0.637829081832963,4.010805714532555,9.120418661800578,1,29
2,-0.6365622514876907,4.0099405413147,9.12813882982659,2,29
3,-0.6376521302581255,4.010684866651713,9.121497019210498,3,29
