,ReH,ReE,ReHT,index,replica
0,0.36961666865216103,-4.883060145484876,-1.4065649767783124,0,15
1,0.3696391538181102,-4.883159122009966,-1.406739438567591,1,15
2,0.36965751340524144,-4.883239938263353,-1.4068818899695859,2,15
3,0.36991001714058586,-4.884351423846386,-1.40884105908854,3,15
