,ReH,ReE,ReHT,index,replica
0,0.2879868560892258,7.494763129024205,0.22184298223062154,0,24
1,0.2894117059222783,7.499731792763285,0.22494634073268216,1,24
2,0.28818587991491595,7.495457154769775,0.22227646109194737,2,24
3,0.28809010916752403,7.495123187899421,0.22206787001406691,3,24
