,ReH,ReE,ReHT,index,replica
0,1.2008233124835628,4.025237859444527,0.9436432163331981,0,3
1,1.2008241384845806,4.025238393642652,0.943644647660382,1,3
2,1.2008237070236025,4.025238114593732,0.9436438999938437,2,3
3,1.2008182130264624,4.025234561054806,0.9436343793214581,3,3
