,ReH,ReE,ReHT,index,replica
0,1.8482892851252646,1.2876292954805058,-5.244891616030847,0,50
1,1.848288762960573,1.2876292744477729,-5.244891737523936,1,50
2,1.8482882107725032,1.2876292521839323,-5.244891865961909,2,50
3,1.8482959474395935,1.2876295640795443,-5.244890066330953,3,50
