,ReH,ReE,ReHT,index,replica
0,-2.603543103258339,9.513702686229916,-4.600134245654784,0,57
1,-2.6026811056109604,9.522604622593992,-4.606504285286643,1,57
2,-2.6034806377908013,9.514347773388454,-4.600595856543578,2,57
3,-2.6034226989422367,9.514946113705687,-4.601024016371391,3,57
