,ReH,ReE,ReHT,index,replica
0,1.9052646855024256,-1.3466134075764584,1.491595558509268,0,26
1,1.9052651408760053,-1.3466137061470156,1.4915949627383267,1,26
2,1.9052625374003846,-1.3466119976267132,1.4915983692089516,2,26
3,1.9052671786731272,-1.346615042291451,1.4915922966566741,3,26
