,ReH,ReE,ReHT,index,replica
0,2.325807393677973,-3.3330245396716114,-1.7345391986989265,0,13
1,2.325831466786809,-3.3330423102904723,-1.734537716954045,1,13
2,2.3258538803211977,-3.333058855823538,-1.7345363373549068,2,13
3,2.326136729820705,-3.3332676535647305,-1.7345189274027168,3,13
