,ReH,ReE,ReHT,index,replica
0,1.944096361546177,-1.8216098019481524,2.0287111803938043,0,92
1,1.9440722834091688,-1.8215829910075705,2.0287474042917557,1,92
2,1.9440878539706965,-1.8216003287881462,2.0287239794506142,2,92
3,1.9442422631048113,-1.8217722629642832,2.0284916814857192,3,92
