,ReH,ReE,ReHT,index,replica
0,1.7990063347416623,0.9148072645535523,-3.0892243109965127,0,34
1,1.798857253384123,0.914736795440073,-3.089111647345632,1,34
2,1.798869469640496,0.9147425699265574,-3.08912087940541,2,34
3,1.7988452134564317,0.9147311042987427,-3.0891025485408283,3,34
