,ReH,ReE,ReHT,index,replica
0,0.45272722930001297,8.216439659245076,4.781433506825611,0,72
1,0.4529459414692186,8.216338117953857,4.781446043588808,1,72
2,0.45292927658761617,8.216345854942492,4.781445088343456,2,72
3,0.4529541767802815,8.21633429455364,4.781446515642099,3,72
