,ReH,ReE,ReHT,index,replica
0,2.3121839265097517,-5.239740217006029,4.829884140772656,0,31
1,2.3121835224908107,-5.23974034662627,4.829883716073141,1,31
2,2.3121830281960785,-5.239740505224043,4.829883196494435,2,31
3,2.3121894695012397,-5.239738438564137,4.829889967480126,3,31
