,ReH,ReE,ReHT,index,replica
0,1.5267345447973217,1.3593356898196074,1.6973009514570592,0,84
1,1.526621373962695,1.3596491126720855,1.6972663979816436,1,84
2,1.526629308279894,1.3596271388593442,1.6972688204997626,2,84
3,1.526612258899756,1.3596743565165332,1.6972636149567326,3,84
