,ReH,ReE,ReHT,index,replica
0,1.993376682816,-1.154337780765402,-0.9220015650147875,0,96
1,1.9933761983402096,-1.154338128032721,-0.9220012974854368,1,96
2,1.9933818150464617,-1.1543341028560832,-0.9220043992050347,2,96
3,1.9933754918900388,-1.1543386338047905,-0.9220009072651372,3,96
