,ReH,ReE,ReHT,index,replica
0,1.6398584301642285,1.6805569473218749,-1.6451033380331688,0,67
1,1.639857681388281,1.6805572339284391,-1.645104150736191,1,67
2,1.6398630499103577,1.6805551789463866,-1.6450983238054224,2,67
3,1.6398580754572074,1.680557083097021,-1.645103723025227,3,67
