,ReH,ReE,ReHT,index,replica
0,2.4102410495118587,-5.299445737500147,2.8239050023470824,0,94
1,2.4102630757297896,-5.299440083966745,2.8239268428974484,1,94
2,2.4101036346811107,-5.299481008181839,2.8237687458467837,2,94
3,2.4102518773723283,-5.2994429582829135,2.8239157389346285,3,94
