,ReH,ReE,ReHT,index,replica
0,2.0938875026180046,-1.9368285642331304,-1.2608966506110764,0,51
1,2.093903384398333,-1.9368468940036272,-1.260918154878435,1,51
2,2.0938955735503937,-1.93683787920643,-1.2609075788264426,2,51
3,2.094002467179986,-1.936961249242406,-1.261052315083936,3,51
