,ReH,ReE,ReHT,index,replica
0,2.589900482619928,-3.9140813926494475,-6.739068722735084,0,39
1,2.5898441824735006,-3.9139178767678615,-6.739088293386191,1,39
2,2.5898483859953965,-3.9139300853157866,-6.739086832185926,2,39
3,2.589840918795165,-3.9139083978607907,-6.739089427885803,3,39
