,ReH,ReE,ReHT,index,replica
0,1.2350546900555432,1.5213352296531673,7.857911360630483,0,64
1,1.2350510251897746,1.521293113004627,7.8579249318880695,1,64
2,1.2350518458334534,1.5213025438331131,7.857921892988552,2,64
3,1.235029471343068,1.5210454159894204,7.85800474732789,3,64
