,ReH,ReE,ReHT,index,replica
0,-0.1631984807706352,-5.325485933310304,-3.5207765220747564,0,8
1,-0.16333577042860925,-5.325352920567567,-3.5203374563786127,1,8
2,-0.16144122985848597,-5.32718844147486,-3.5263963816003807,2,8
3,-0.16348378618699258,-5.325209515868979,-3.519864087572828,3,8
