,ReH,ReE,ReHT,index,replica
0,2.0885676113855487,-1.7869553529321878,-0.3201357553958751,0,95
1,2.0885531492858735,-1.7870682604035169,-0.32021405908740364,1,95
2,2.0885513696261033,-1.7870821544751627,-0.32022369491446323,2,95
3,2.0885519769730445,-1.787077412885055,-0.3202204065201787,3,95
