,ReH,ReE,ReHT,index,replica
0,1.2774807067363587,0.16860084068651787,-8.997232651596946,0,66
1,1.277368455504443,0.16851809891275255,-8.997031166097877,1,66
2,1.2772474343623894,0.16842889272697636,-8.996813939037153,2,66
3,1.2789174761376536,0.16965990121920171,-8.999811582757289,3,66
