,ReH,ReE,ReHT,index,replica
0,1.3601910571802907,3.6826470081707567,-1.6405728316643073,0,10
1,1.360191054723182,3.68264698416789,-1.6405728199988165,1,10
2,1.3601906207401775,3.682642784304244,-1.6405707765790787,2,10
3,1.3601914436768188,3.682650751976592,-1.640574652987603,3,10
