,ReH,ReE,ReHT,index,replica
0,1.5942536534468292,1.1568761591370333,1.271284803994114,0,7
1,1.5942529291654277,1.156876999751372,1.2712810618573245,1,7
2,1.5942628009471744,1.1568655423560394,1.271332066379983,2,7
3,1.594254305666225,1.1568754021440841,1.271288173841243,3,7
