,ReH,ReE,ReHT,index,replica
0,-2.353835150713023,-5.7272568399011625,8.874317636516189,0,11
1,-2.3538234787705945,-5.727153807730785,8.87475266584745,1,11
2,-2.353812652646687,-5.7270582418827765,8.875156170374751,2,11
3,-2.3536740827311124,-5.72583503850548,8.880320861633596,3,11
