,ReH,ReE,ReHT,index,replica
0,1.870374357884247,1.3671122344953015,-5.936337078777443,0,21
1,1.8704074203964143,1.3671375449395282,-5.936334009454521,1,21
2,1.8704169595516804,1.367144847477563,-5.936333123899994,2,21
3,1.8706688616766622,1.3673376868472982,-5.936309738854099,3,21
