,ReH,ReE,ReHT,index,replica
0,1.3799468306589224,4.399427123062372,-3.8711219047049794,0,80
1,1.3799734522597884,4.399845500415794,-3.8710867965583087,1,80
2,1.379950706880579,4.399488040619768,-3.8711167928086474,2,80
3,1.379942649964015,4.399361420449953,-3.8711274181438817,3,80
