,ReH,ReE,ReHT,index,replica
0,2.1314979364929663,-2.3527956498315232,-0.23681363057950916,0,32
1,2.1314944054351628,-2.352797366691302,-0.23681337152146764,1,32
2,2.1314956754967795,-2.352796750136796,-0.23681346476738097,2,32
3,2.131495563802896,-2.352796804788486,-0.2368134565966667,3,32
