,ReH,ReE,ReHT,index,replica
0,1.9404630343947722,-1.0902618709397807,-0.19562906649415,0,68
1,1.9404633921300598,-1.0902622945912408,-0.1956293571336975,1,68
2,1.9404626453950402,-1.0902614102743886,-0.19562875047758815,2,68
3,1.9404579536920017,-1.0902558541495864,-0.19562493880180087,3,68
