,ReH,ReE,ReHT,index,replica
0,2.4345412562214386,-4.983482564042157,1.2526121454054355,0,63
1,2.434540114806653,-4.9834806474991264,1.2526102081936656,1,63
2,2.43453945948714,-4.983479547870923,1.252609097272948,2,63
3,2.4345497009996206,-4.983496743368642,1.2526264774493296,3,63
