,ReH,ReE,ReHT,index,replica
0,2.148697110329548,-2.4844021196340074,-0.5344157302608807,0,85
1,2.14870637667362,-2.484406828197189,-0.53442492594462,1,85
2,2.148687472015824,-2.484397222059152,-0.5344061654350187,2,85
3,2.1488175749813325,-2.484463332059832,-0.5345352763355782,3,85
