,ReH,ReE,ReHT,index,replica
0,-6.384437063535859,-3.2154686563791204,0.9166302101666874,0,54
1,-6.38304644159793,-3.2225912209803287,0.9153336287531761,1,54
2,-6.384336290813788,-3.215984799698692,0.9165362521793862,2,54
3,-6.384242820681587,-3.2164635402079886,0.9164491029457238,3,54
