,ReH,ReE,ReHT,index,replica
0,1.7731578526971838,-0.2116676397283611,1.1067472009830084,0,60
1,1.773155226331352,-0.21168062353663447,1.1067570446372477,1,60
2,1.7731565577025719,-0.2116740437404525,1.1067520551908454,2,60
3,1.7731568011596475,-0.2116728407405511,1.1067511428640775,3,60
