,ReH,ReE,ReHT,index,replica
0,-1.677685205681406,3.1614124372482464,-0.5226767299738941,0,47
1,-1.677710710404213,3.1716002641517687,-0.5212665922065618,1,47
2,-1.6776870539059763,3.16215070767843,-0.5225745430177006,2,47
3,-1.677688768196359,3.1628354786445443,-0.5224797611362587,3,47
