,ReH,ReE,ReHT,index,replica
0,1.904012741550388,-1.6754894304776173,2.673054753749602,0,17
1,1.9040066340409374,-1.675494256454314,2.673066158203649,1,17
2,1.904005618896298,-1.6754950585754647,2.6730680537682345,2,17
3,1.9040061429439246,-1.6754946445043113,2.673067075219534,3,17
