,ReH,ReE,ReHT,index,replica
0,1.7673597495286375,0.12057689228026132,0.4565123427284884,0,79
1,1.7673600914697747,0.12057664798696527,0.45651309814313046,1,79
2,1.7673591163052407,0.12057734466450942,0.4565109438215353,2,79
3,1.7673660498278578,0.12057239113523671,0.4565262615270711,3,79
