,ReH,ReE,ReHT,index,replica
0,2.029573652639399,-0.7785641571094276,-2.9180845517747,0,99
1,2.0295746543914888,-0.7785646653471168,-2.9180842200388617,1,99
2,2.029574145456266,-0.7785644071500204,-2.9180843885716863,2,99
3,2.0295674012953047,-0.7785609855194005,-2.9180866219488664,3,99
