,ReH,ReE,ReHT,index,replica
0,-1.5346703142288458,7.168007693026276,5.379050008532342,0,41
1,-1.5326155916817958,7.147439001063647,5.383502741325799,1,41
2,-1.5327644890815626,7.148929530640199,5.38318006986079,2,41
3,-1.532902596488046,7.150312047565949,5.382880781093753,3,41
