Set,ReH_mean,ReH_stddev,ReE_mean,ReE_stddev,ReHtilde_mean,ReHtilde_stddev
1,0.000000,0.000000,0.000000,0.000000,0.000000,0.000000
1,0.000000,0.000000,0.000000,0.000000,0.000000,0.000000
1,0.000000,0.000000,0.000000,0.000000,0.000000,0.000000
1,0.000000,0.000000,0.000000,0.000000,0.000000,0.000000
1,0.000000,0.000000,0.000000,0.000000,0.000000,0.000000
