,epoch,batch,rms
0,9600,1,0.04108778535270691
20,13700,41,0.029828245590209912
40,11500,6,0.03451310455322265
60,7800,26,0.052819443634033236
80,10400,11,0.03671519568252568
100,9300,16,0.0032064739675521856
120,12400,11,0.010360677184104938
140,12700,41,0.008685131341266639
160,9400,1,0.00487658576836586
180,5900,1,0.0011404315491700175
