,epoch,batch,rms
0,7100,46,0.04102815223693851
1,4800,46,0.024223243566513064
2,8900,1,0.08822405303955083
3,14800,16,0.05429707801055905
4,11400,46,0.049321650096893266
