,epoch,batch,rms
1,7900,46,0.05655702802136635
3,2200,46,0.07509085071711329
5,10000,6,0.06896564336552127
7,5700,1,0.05887170269974719
9,14600,46,0.08823093993623131
