,epoch,batch,rms
1,1500,6,0.02408379793930049
3,7800,21,0.05423771178436276
5,12400,6,0.028261726932525655
7,3200,1,0.019662752346038814
9,9800,46,0.1372796306610109
