,epoch,batch,rms
0,9900,1,0.008561250486662118
20,14500,1,0.005119042095106653
40,2300,6,0.00504391858110322
60,11300,46,0.006276372055391736
80,10400,21,0.008943929344609578
100,6300,6,0.0005974017190212008
120,7700,46,0.0020411849778730878
140,11900,11,0.0026805015388488783
160,4000,41,0.0010270608021973238
180,9900,1,0.00026678053585977034
