,epoch,batch,rms
1,10500,46,0.16358077078001504
3,7200,46,0.30803004606022855
5,11200,46,0.21937042528915415
7,8100,1,0.17218580627961155
9,14900,16,0.9415597444346433
