,epoch,batch,rms
0,4400,46,0.07043858684931972
20,6600,46,0.0659557742482779
40,14800,46,0.06361307479424914
60,6800,46,0.07987587685239379
80,1300,6,0.06261498424147638
100,13200,11,0.06666232969275393
120,4800,46,0.07014060189999398
140,1500,16,0.04788677339205489
160,14300,41,0.09254615243810635
180,9900,1,0.06117892781687955
