,epoch,batch,rms
0,3900,26,0.008582038083952796
1,2700,46,0.0035555310192229993
2,7000,46,0.00781077331442304
3,5000,46,0.006752614036815433
4,7900,26,0.006046874568502636
