,epoch,batch,rms
0,7900,46,0.0705394673192664
1,11400,46,0.056396644219473255
2,7800,46,0.05184098290342912
3,6700,46,0.07517485102571866
4,11100,26,0.06743477278692696
