,ReH,ReE,ReHT,index,replica
0,0.8955296730255183,-3.9239336205166833,4.361382441852486,0,57
1,0.8955458152007972,-3.9240296677728224,4.361413739688057,1,57
2,0.8955436206947958,-3.924016610306726,4.361409484800404,2,57
3,0.8955415836295846,-3.924004489580625,4.361405535154336,3,57
