,ReH,ReE,ReHT,index,replica
0,4.5070362411183105,-3.770994795274995,-7.097792030328554,0,61
1,4.507015102592327,-3.771004497129331,-7.097786575480168,1,61
2,4.5070559174714635,-3.770985764509752,-7.09779710785955,2,61
3,4.507304297220161,-3.770871766782398,-7.097861202864595,3,61
