,ReH,ReE,ReHT,index,replica
0,2.887187711289261,3.110416171037586,-2.0049041677527315,0,27
1,2.8871971165811567,3.110411208022225,-2.0048559791815928,1,27
2,2.887189080593801,3.1104154484749698,-2.0048971520027568,2,27
3,2.8871887687042475,3.1104156130569516,-2.0048987499748634,3,27
