,ReH,ReE,ReHT,index,replica
0,1.0589769351732272,3.4101654393568914,3.527112182301571,0,68
1,1.0591729933735392,3.410280296538412,3.52711484336632,1,68
2,1.0589610177363493,3.4101561144090327,3.52711196624666,2,68
3,1.0589950615715296,3.4101760583815426,3.5271124283247905,3,68
