,ReH,ReE,ReHT,index,replica
0,0.8045233366172821,-5.979975688308579,4.717034077031693,0,91
1,0.8045664879196692,-5.980059554030722,4.717144684103713,1,91
2,0.8045256789448845,-5.979980240684732,4.7170400809712625,2,91
3,0.8045287307261964,-5.979986171906379,4.717047903421308,3,91
