,ReH,ReE,ReHT,index,replica
0,2.692903579327791,-1.5940609252757612,-1.3666797370197217,0,95
1,2.6929025753340885,-1.5940614605196561,-1.3666804042165608,1,95
2,2.6929014248218723,-1.5940620739001337,-1.3666811687713423,2,95
3,2.6929168762744276,-1.5940538363619112,-1.3666709006221716,3,95
