,ReH,ReE,ReHT,index,replica
0,0.9060870661323563,-2.873427098910321,4.278524502225544,0,10
1,0.9060870491874218,-2.87342707185274,4.27852447789406,1,10
2,0.9060849731372107,-2.873423768109337,4.2785215311210765,2,10
3,0.9060886013001779,-2.873429542510579,4.2785266830704405,3,10
