,ReH,ReE,ReHT,index,replica
0,2.535386894568454,4.61374028852603,-0.9858324634940452,0,38
1,2.537838805645059,4.610276785913022,-0.9852580187950705,1,38
2,2.538236895357792,4.609714455258906,-0.9851647525559208,2,38
3,2.5380303673798186,4.61000619103844,-0.9852131388550949,3,38
