,ReH,ReE,ReHT,index,replica
0,1.9744062619286598,3.5170950177401106,0.5908125704231428,0,11
1,1.9744280930589748,3.5170965166029653,0.5907998445083507,1,11
2,1.974429907493831,3.517096641186934,0.590798786823374,2,11
3,1.974426610105339,3.5170964147824337,0.5908007089672349,3,11
