,ReH,ReE,ReHT,index,replica
0,1.6261921076817376,2.2118860743537816,1.8361728503968484,0,94
1,1.6261930712371664,2.2118853400533807,1.836173938347547,1,94
2,1.626205216289268,2.211876084663092,1.836187651352067,2,94
3,1.626191154542485,2.2118868007076964,1.8361717742224721,3,94
