,ReH,ReE,ReHT,index,replica
0,2.3605961246277127,-0.7436216735646504,-0.331279186189859,0,30
1,2.3605760313723625,-0.7436187824463797,-0.3313039509727259,1,30
2,2.3605727744118497,-0.7436183138178719,-0.3313079650899169,2,30
3,2.3605744877873063,-0.7436185603465195,-0.33130585340839114,3,30
