,ReH,ReE,ReHT,index,replica
0,-0.10142943683963168,-8.640185908000387,7.994553491377317,0,24
1,-0.10701485659948773,-8.646420080287157,8.002505640704328,1,24
2,-0.10183418951738857,-8.6406376731378,7.995129751332217,2,24
3,-0.1022096114125585,-8.641056700690914,7.995664252067847,3,24
