,ReH,ReE,ReHT,index,replica
0,0.4598823022058361,-4.1210669729323435,-4.383352424394844,0,35
1,0.4599457588272209,-4.121237393145657,-4.383448753506844,1,35
2,0.45981388787490984,-4.120883238212366,-4.383248569324961,2,35
3,0.4607579773757067,-4.123418701470376,-4.38468172636971,3,35
