,ReH,ReE,ReHT,index,replica
0,0.9233127029260435,6.015511728184318,3.8679408627678833,0,87
1,0.9234473078947212,6.015662564773204,3.86807693336003,1,87
2,0.9234576442064943,6.015674147504904,3.8680873822167827,2,87
3,0.9234375042754392,6.015651578959563,3.8680670229964695,3,87
