,ReH,ReE,ReHT,index,replica
0,2.413905884560842,-1.5106854600209143,-0.5275364153526689,0,2
1,2.414126529535878,-1.5109822823854557,-0.527513265478571,1,2
2,2.4139220852258956,-1.5107072539520945,-0.5275347155905038,2,2
3,2.413936658729395,-1.5107268589407377,-0.5275331865501377,3,2
