,ReH,ReE,ReHT,index,replica
0,1.2410989275256692,-5.854738558435216,3.6702285232538374,0,92
1,1.2411445496030866,-5.854661050836646,3.6700426862481477,1,92
2,1.241102270363624,-5.854732879219298,3.670214906456258,2,92
3,1.241105178391384,-5.854727938733529,3.6702030608599188,3,92
