,ReH,ReE,ReHT,index,replica
0,0.10632868627130909,-1.0234304942330636,6.755018615917498,0,47
1,0.1061621707288263,-1.0233825775271532,6.755241850421191,1,47
2,0.1063053029082574,-1.0234237654116884,6.7550499641853445,2,47
3,0.10631655821696223,-1.0234270042532407,6.755034875064684,3,47
