,ReH,ReE,ReHT,index,replica
0,3.169981516328243,6.94024677972952,-3.3808645441194844,0,29
1,3.170286037916152,6.940391174558707,-3.381078045279374,1,29
2,3.169950705527288,6.940232170190398,-3.3808429425589854,2,29
3,3.169998083669828,6.940254635455869,-3.3808761595407004,3,29
