,ReH,ReE,ReHT,index,replica
0,1.7157742517430155,1.0815165801386337,1.5396533027418178,0,86
1,1.7157831224616462,1.0815093712047805,1.5396508299674574,1,86
2,1.7157818597018406,1.0815103972910662,1.539651181929739,2,86
3,1.715782432083817,1.0815099320563744,1.5396510223469746,3,86
