,ReH,ReE,ReHT,index,replica
0,1.1302017093880323,-2.8518079213254923,3.5585112403662893,0,44
1,1.1301224878528617,-2.851810923351776,3.558498885778686,1,44
2,1.1301282061309157,-2.851810706659183,3.5584997775476723,2,44
3,1.1301335412263351,-2.85181050449713,3.55850060954944,3,44
