,ReH,ReE,ReHT,index,replica
0,-1.7463879377842089,-3.9590115952038576,-0.49325516291898536,0,8
1,-1.747686103864659,-3.971720291581211,-0.48703429044572744,1,8
2,-1.746569266349999,-3.960786753047153,-0.4923862279613422,2,8
3,-1.7464820106068153,-3.9599325428029113,-0.4928043615618227,3,8
