,ReH,ReE,ReHT,index,replica
0,-0.12523359977278048,4.9636191167703885,6.190068979406572,0,76
1,-0.12364204182714025,4.956958320027601,6.182836924674053,1,76
2,-0.12386435153621048,4.957888703863063,6.183847102146383,2,76
3,-0.12375737556548835,4.957441000907101,6.183361002298566,3,76
