,ReH,ReE,ReHT,index,replica
0,1.069736879683708,-5.072212622846308,3.8368986535107825,0,81
1,1.0697360975366843,-5.072212145318625,3.8368985864825413,1,81
2,1.0697470684031902,-5.0722188431956035,3.836899526478544,2,81
3,1.0697376221553498,-5.07221307612518,3.8368987171176654,3,81
