,ReH,ReE,ReHT,index,replica
0,2.0281754344569913,-0.42265241392561337,0.6675678319542855,0,36
1,2.0281741511266436,-0.4226496756104605,0.6675671827007343,1,36
2,2.028192245271331,-0.4226882838911337,0.6675763364291052,2,36
3,2.0281727313900952,-0.42264664618392045,0.6675664643648289,3,36
