,ReH,ReE,ReHT,index,replica
0,0.4962175911801432,2.9950520455227467,5.308005642645015,0,88
1,0.4962207649044994,2.9950369310756537,5.307993846810204,1,88
2,0.4962140676141894,2.9950688260225524,5.308018738721088,2,88
3,0.496262083326521,2.9948401577338783,5.307840278152646,3,88
