,ReH,ReE,ReHT,index,replica
0,2.712284296234901,2.4377601133038898,-1.5173767035956653,0,97
1,2.712282092528537,2.437766263389394,-1.5173803622579913,1,97
2,2.7122832285115646,2.4377630930940857,-1.5173784762558817,2,97
3,2.712297568021156,2.4377230745811143,-1.5173546694042304,3,97
