,ReH,ReE,ReHT,index,replica
0,1.6284866980674955,-2.0316018081604366,2.1467457096417535,0,59
1,1.6284856372528609,-2.0316136534024087,2.1467629815032327,1,59
2,1.6285001976751459,-2.0314510690207435,2.146525912901515,2,59
3,1.6284845191571802,-2.0316261382311547,2.146781185972606,3,59
