,ReH,ReE,ReHT,index,replica
0,0.5454697674082575,0.8643366074366103,5.244689903767759,0,60
1,0.5454670837589064,0.8643223262056788,5.244683666271236,1,60
2,0.545472423933201,0.8643507444001766,5.244696078261926,2,60
3,0.5454332887819677,0.8641424836134473,5.244605117871458,3,60
