,ReH,ReE,ReHT,index,replica
0,2.61734470303555,1.4893779714666557,-1.2251647495610403,0,40
1,2.617327339364186,1.4893702362213173,-1.2251844187922134,1,40
2,2.617561434703761,1.4894745220892691,-1.2249192400869178,2,40
3,2.617311499211152,1.489363179671877,-1.2252023622179404,3,40
