,ReH,ReE,ReHT,index,replica
0,2.0069443387055212,-3.269315767195353,0.7259164490842407,0,25
1,2.0069472517970475,-3.2693137173532323,0.7259138549856159,1,25
2,2.006923972727218,-3.2693300980652102,0.7259345849561847,2,25
3,2.006945985791238,-3.2693146082215847,0.7259149823752119,3,25
