,ReH,ReE,ReHT,index,replica
0,0.8660911300992489,0.9635833414183623,4.249541089346769,0,54
1,0.8660914681205413,0.9635830717133864,4.249541461265175,1,54
2,0.866091129094475,0.9635833424612699,4.249541089111325,2,54
3,0.866094742175637,0.963580459110263,4.249545062707899,3,54
