,ReH,ReE,ReHT,index,replica
0,0.7670634958606595,5.163240661832386,0.08721520485785628,0,20
1,0.7694264318097073,5.165513847061758,0.0870375562701895,1,20
2,0.7666798520563749,5.162871589860886,0.08724404769652447,2,20
3,0.7668788855322826,5.163063063505225,0.08722908410156585,3,20
