,ReH,ReE,ReHT,index,replica
0,-0.2516269175628746,-3.7925839576020115,7.9329299075322,0,28
1,-0.25162468533872906,-3.7925863591117817,7.932930673148525,1,28
2,-0.2516261060830351,-3.7925848308150347,7.93293018595658,2,28
3,-0.2516260969336861,-3.7925848406147287,7.932930189072992,3,28
