,ReH,ReE,ReHT,index,replica
0,4.265537692177329,-3.5225757473902815,-6.432423260471541,0,14
1,4.26523099108988,-3.5226346543435083,-6.432224144943072,1,14
2,4.2652646568415005,-3.522628188284681,-6.4322460013161695,2,14
3,4.265242648642317,-3.5226324153178497,-6.432231713222527,3,14
