,ReH,ReE,ReHT,index,replica
0,2.7891132031971066,-3.7060753942564446,-1.5828852822570263,0,85
1,2.7891136474791445,-3.7060745546978966,-1.5828849382023424,1,85
2,2.7891127242469755,-3.7060762994120995,-1.5828856531642863,2,85
3,2.7891193013239404,-3.706063870143243,-1.582880559811192,3,85
