,ReH,ReE,ReHT,index,replica
0,-0.6417707815964186,0.2032069398613442,8.867621685522504,0,66
1,-0.641768313535681,0.2031931190768143,8.867705601338415,1,66
2,-0.6417691787404193,0.20319796410819624,8.867676183712462,2,66
3,-0.6417532840644874,0.20310895621658748,8.868216613925881,3,66
