,ReH,ReE,ReHT,index,replica
0,0.043276319406639355,1.1329005252507258,6.821001950188947,0,75
1,0.043129764188276104,1.1327719079919594,6.8210252613392175,1,75
2,0.04312121961175103,1.132764409248102,6.821026620450654,2,75
3,0.04310558174615321,1.132750685415973,6.821029107810556,3,75
