,ReH,ReE,ReHT,index,replica
0,2.464141364481868,-0.23362778827105204,-0.9020110201628249,0,80
1,2.464137753101191,-0.23362428524963397,-0.9020070066367647,1,80
2,2.4641176557241957,-0.2336047900340041,-0.9019846706787291,2,80
3,2.4641393641789087,-0.23362584812058618,-0.9020087972149328,3,80
