,ReH,ReE,ReHT,index,replica
0,-2.9710937313663885,8.788605336380769,9.957586623596988,0,89
1,-2.972931184782974,8.790882369663692,9.9668238192274,1,89
2,-2.971350387893637,8.788923393668686,9.958876880279188,2,89
3,-2.971226884151176,8.788770343729901,9.95825600563813,3,89
