,ReH,ReE,ReHT,index,replica
0,3.3086695656763228,-5.395200950836538,-6.437928444592114,0,34
1,3.3079875983107314,-5.3933019904091815,-6.436136942202136,1,34
2,3.307941448454554,-5.393173484624423,-6.436015708280358,2,34
3,3.3078767375448876,-5.392993294985952,-6.43584571518028,3,34
