,ReH,ReE,ReHT,index,replica
0,2.074092346638311,0.9615568602585658,1.0371708051032442,0,33
1,2.074247533132844,0.961334031502927,1.0364648916500805,1,33
2,2.074225084042941,0.961366265641004,1.036567008237651,2,33
3,2.0742301089379422,0.9613590505039338,1.0365441509383204,3,33
