,ReH,ReE,ReHT,index,replica
0,1.9178098065528737,3.624942501742513,0.8644051335613279,0,49
1,1.9178156718142767,3.624943238434337,0.8644107946414443,1,49
2,1.9178161148465454,3.6249432940580535,0.8644112222571989,2,49
3,1.917816621389623,3.624943357727851,0.864411711153442,3,49
