,ReH,ReE,ReHT,index,replica
0,1.0519695714428057,0.1967509941785204,3.704743769647414,0,96
1,1.051976881022635,0.1967503711615324,3.704754971280006,1,96
2,1.0519311237832611,0.19675427121884342,3.704684850148479,2,96
3,1.0519734496402777,0.19675066362708393,3.7047497128224696,3,96
