,ReH,ReE,ReHT,index,replica
0,0.5376684536946957,1.677097804801594,1.9654536634670805,0,99
1,0.538759417577598,1.6808535086039793,1.9692879106804888,1,99
2,0.5377475114148842,1.6773699653973573,1.9657315157846886,2,99
3,0.5375832193912,1.6768043809716195,1.9651541032356694,3,99
