,ReH,ReE,ReHT,index,replica
0,3.5421021737048037,-7.6371877213817125,-3.9036800581874633,0,67
1,3.542235523520654,-7.637243799589259,-3.90372777264366,1,67
2,3.543919236785557,-7.6379518592123805,-3.904330229134434,2,67
3,3.542355595615828,-7.637294294054451,-3.903770736142701,3,67
