,ReH,ReE,ReHT,index,replica
0,2.2386409329659775,-7.280724178671785,0.29724596561452377,0,0
1,2.2386402763670588,-7.28072425999898,0.2972452439841494,1,0
2,2.2386324020449146,-7.280725235269708,0.29723658932762553,2,0
3,2.238639561158092,-7.280724348584017,0.2972444579194895,3,0
