,ReH,ReE,ReHT,index,replica
0,0.15745974687273234,-2.926281700836933,6.559165146592548,0,53
1,0.15745739723000737,-2.9263170707741057,6.5592559989118655,1,53
2,0.1574572119003521,-2.9263198606590173,6.559263165104149,2,53
3,0.1574570205980677,-2.926322740297637,6.559270561818736,3,53
