,ReH,ReE,ReHT,index,replica
0,2.5873160688588177,-6.039144838308022,-0.8243128243097142,0,16
1,2.587306220003371,-6.039133669617801,-0.8243253276712861,1,16
2,2.5873087928779617,-6.039136587284295,-0.8243220613417332,2,16
3,2.5873075545963187,-6.039135183090625,-0.8243236333487264,3,16
