,ReH,ReE,ReHT,index,replica
0,0.9962449093174334,6.23269991366827,3.668819474393492,0,84
1,0.9962446197762567,6.232698259922223,3.6688172194632545,1,84
2,0.9962485941220265,6.232720960507081,3.668848172286104,2,84
3,0.9962443146530761,6.2326965170410435,3.668814843009816,3,84
