,ReH,ReE,ReHT,index,replica
0,0.114179418292535,-8.998341671143901,3.9934215442040104,0,72
1,0.11408060094658445,-9.000934058233149,4.001029527766345,1,72
2,0.11416561543028252,-8.998703777229979,3.994484231625071,2,72
3,0.11417225740178116,-8.99852953090356,3.993972863860292,3,72
