,ReH,ReE,ReHT,index,replica
0,2.585132395448949,-4.3434751286869675,-0.8673069714019612,0,56
1,2.585194304857526,-4.343386064372014,-0.8671865551108477,1,56
2,2.5851275317348907,-4.343482125750931,-0.867316431526276,2,56
3,2.5851369073894066,-4.3434686377024985,-0.867298195495817,3,56
