,ReH,ReE,ReHT,index,replica
0,1.4306895185802069,4.971718048122369,2.3561234038482857,0,37
1,1.430694628601151,4.971715398527065,2.3561344471343455,1,37
2,1.4306950363172728,4.971715187104097,2.3561353281735617,2,37
3,1.4306942363418966,4.9717156019109305,2.3561335993922827,3,37
