,ReH,ReE,ReHT,index,replica
0,2.040355871101156,3.992253414177303,0.41795932588714,0,50
1,2.0403321699335364,3.992252625978815,0.4179580727962044,1,50
2,2.040681511327625,3.9922642435552937,0.41797654260910566,2,50
3,2.0403030956459687,3.9922516590930988,0.4179565356268444,3,50
