,ReH,ReE,ReHT,index,replica
0,-2.467991810920428,6.06186914059483,-1.6163354395859397,0,12
1,-2.4681220729370486,6.061783316931173,-1.6162078210506545,1,12
2,-2.4663245109097947,6.062967648034203,-1.6179689041350045,2,12
3,-2.4678709884624492,6.061948744965752,-1.616453810125857,3,12
