,ReH,ReE,ReHT,index,replica
0,1.837493784893256,1.6938090915836268,0.4775284080954239,0,31
1,1.8374802288264487,1.6938195220424712,0.47756019516270876,1,31
2,1.8376655557673782,1.693676925666067,0.47712562959897936,2,31
3,1.837466245471726,1.693830281283332,0.4775929841594158,3,31
