,ReH,ReE,ReHT,index,replica
0,3.4044517920593345,2.7804112579208686,-9.490751892800624,0,63
1,3.4042525516141375,2.780296086752627,-9.490418864746527,1,63
2,3.4070019874554767,2.7818854013055585,-9.495014514319514,2,63
3,3.4046365943585526,2.7805180831029537,-9.49106078766344,3,63
