,ReH,ReE,ReHT,index,replica
0,3.4610366003201225,0.49713146863515023,-3.638978513023847,0,22
1,3.4610379860115463,0.49712226084934186,-3.638971195046838,1,22
2,3.461039195678068,0.49711422265886607,-3.6389648066065243,2,22
3,3.461055208834312,0.49700781604596966,-3.6388802388225816,3,22
