,ReH,ReE,ReHT,index,replica
0,0.5912251453736375,1.023817581991998,5.096691411777352,0,83
1,0.5912240118807994,1.023818075670934,5.096691846062072,1,83
2,0.59122418019699,1.023818002343782,5.0966917815452195,2,83
3,0.5912238349832708,1.0238181526837007,5.096691913790615,3,83
