,ReH,ReE,ReHT,index,replica
0,1.4048333538936597,0.5347189510473422,2.5695264415223926,0,62
1,1.4048520227415424,0.5347366700962046,2.5695363565158544,1,62
2,1.4050994302593711,0.5349714904674197,2.569667754227031,2,62
3,1.404870113927963,0.5347538408725132,2.5695459647141137,3,62
