,ReH,ReE,ReHT,index,replica
0,4.7176757424329985,2.9249335737762054,-8.183302985290975,0,64
1,4.7176461049799565,2.9249269349677904,-8.183279696265863,1,64
2,4.717604224786136,2.924917553777343,-8.18324678693137,2,64
3,4.718115318008634,2.9250320389870215,-8.183648402503671,3,64
