,ReH,ReE,ReHT,index,replica
0,0.6227783522395884,6.6080029925042085,4.7656681321317595,0,21
1,0.6228415978271011,6.608066914737045,4.765642854897715,1,21
2,0.6228106613881668,6.60803564731901,4.765655219200397,2,21
3,0.623213938993854,6.60844323945088,4.765494042060613,3,21
