,ReH,ReE,ReHT,index,replica
0,0.5509946552553999,1.7617270769760913,5.193955923162799,0,71
1,0.5512396425617011,1.7617819236824328,5.1939713520732465,1,71
2,0.5510118393032506,1.7617309240698618,5.193957005389208,2,71
3,0.5510284906231542,1.761734651893117,5.193958054061156,3,71
