,ReH,ReE,ReHT,index,replica
0,1.9000777172219592,-2.9058442708992245,1.1693583859059151,0,77
1,1.8997191902941906,-2.905498634956496,1.1691154390180092,1,77
2,1.8997450690682607,-2.905523583249102,1.1691329751307928,2,77
3,1.8996911018960319,-2.9054715564902898,1.1690964056135824,3,77
