,ReH,ReE,ReHT,index,replica
0,1.0401806218898897,-1.2508059647433574,3.840752107491441,0,19
1,1.040183777850097,-1.250980259541926,3.840097157006132,1,19
2,1.0401835480822128,-1.2509675700112692,3.840144840663097,2,19
3,1.0401840203162216,-1.2509936504465702,3.8400468377884787,3,19
