,ReH,ReE,ReHT,index,replica
0,0.4968347453621863,-1.4345508732781076,5.4895610633906795,0,45
1,0.49683129159485095,-1.434558286569661,5.489562585525658,1,45
2,0.49683272934261435,-1.4345552005372828,5.48956195188608,2,45
3,0.4968100454485719,-1.4346038899863884,5.489571949040002,3,45
