,ReH,ReE,ReHT,index,replica
0,0.5930518802285967,-3.3008546719879064,5.276507327068208,0,26
1,0.5930597611840709,-3.3008462203646505,5.276478177949929,1,26
2,0.5930679751238703,-3.300837411663532,5.276447797285277,2,26
3,0.5929571272685972,-3.3009562860751593,5.276857787683271,3,26
