,ReH,ReE,ReHT,index,replica
0,-0.1501770865297627,-2.0181583448195415,7.551485007343516,0,5
1,-0.14985877444707363,-2.0181011170834013,7.5515047169140335,1,5
2,-0.14983355824047867,-2.0180965835901805,7.55150627827731,2,5
3,-0.14980646838784495,-2.0180917132388108,7.551507955653149,3,5
