,ReH,ReE,ReHT,index,replica
0,3.3998580096032556,5.764927949923644,-4.0526168658359385,0,70
1,3.399859777217639,5.7649295794785,-4.052617977916449,1,70
2,3.3998560941540843,5.764926184099513,-4.0526156607580575,2,70
3,3.399882538089442,5.764950562728943,-4.0526322977972935,3,70
