,ReH,ReE,ReHT,index,replica
0,1.9128803316629353,-4.3862433055712,0.7540194479611275,0,17
1,1.9125460267391645,-4.391907464142417,0.7550675348311469,1,17
2,1.9128561059455187,-4.386653764115469,0.7540953985544581,2,17
3,1.9128336357642133,-4.3870344784174655,0.7541658453225368,3,17
