,ReH,ReE,ReHT,index,replica
0,2.2556983968613533,1.031695459446579,-0.007642421857515964,0,4
1,2.2556964509507713,1.0317008555826024,-0.007649193717207334,1,4
2,2.255709774354819,1.0316639087484116,-0.00760282740118356,2,4
3,2.2556943546879555,1.031706668694314,-0.00765648887131554,3,4
