,ReH,ReE,ReHT,index,replica
0,-0.013995615228360413,5.011471956034493,6.841354249880946,0,98
1,-0.013974960300936451,5.01148054652584,6.841355795189229,1,98
2,-0.013948066492880953,5.011491731804771,6.841357807262608,2,98
3,-0.013616190835246168,5.01162976063778,6.841382636693801,3,98
