,ReH,ReE,ReHT,index,replica
0,1.906303006689226,-1.0324508820748632,1.0504065245603886,0,15
1,1.9063444962036855,-1.0325075956344025,1.0504126066869999,1,15
2,1.9068704960733545,-1.0332266044617269,1.0504897152666102,2,15
3,1.906260182636197,-1.0323923442776781,1.0504002467985543,3,15
