,ReH,ReE,ReHT,index,replica
0,1.690524932009457,4.815309090455068,1.4164447748689026,0,13
1,1.6901145265210333,4.815381448101047,1.4167921714797662,1,13
2,1.690173013096787,4.815371136469705,1.4167426642521124,2,13
3,1.6901446944277974,4.815376129272087,1.4167666352059451,3,13
