,ReH,ReE,ReHT,index,replica
0,0.9488702136451991,-4.947019866755737,4.210198011248213,0,3
1,0.948870650288173,-4.947020073690755,4.210198000604166,1,3
2,0.9488702848500253,-4.947019900512725,4.210198009524511,2,3
3,0.948868248594432,-4.947018936131396,4.210198059818579,3,3
