,ReH,ReE,ReHT,index,replica
0,2.503152434394612,-1.762483797276059,-0.83984294471652,0,100
1,2.5031479901826796,-1.762484962654661,-0.8398417624140184,1,100
2,2.503149842744513,-1.7624844768685994,-0.8398422552555702,2,100
3,2.5031206567110065,-1.7624921301164838,-0.8398344908870364,3,100
