,ReH,ReE,ReHT,index,replica
0,1.5771558678707085,-2.289369368995186,2.096213893793742,0,46
1,1.5772402073776555,-2.288973819580516,2.0961919590551985,1,46
2,1.577228188857494,-2.2890301860251014,2.0961950847926625,2,46
3,1.5772340075267346,-2.289002896654953,2.096193571493486,3,46
