,ReH,ReE,ReHT,index,replica
0,3.550857167061225,-2.2291759378687503,-4.155234736559868,0,78
1,3.5508728094451323,-2.2291685792499742,-4.155240663818173,1,78
2,3.550842150587827,-2.2291830020513697,-4.1552290464641075,2,78
3,3.5506614760038837,-2.2292679965308424,-4.1551605846530375,3,78
