,ReH,ReE,ReHT,index,replica
0,2.4815687145322904,-0.31859146692275286,-0.7497056108754643,0,39
1,2.481565486524914,-0.31860535701443526,-0.7497090597398517,1,39
2,2.481608761025565,-0.31841914700641594,-0.7496628244196231,2,39
3,2.481572382032979,-0.31857568569132066,-0.7497016924467281,3,39
