,ReH,ReE,ReHT,index,replica
0,1.7801723503761457,2.7634071871574486,1.331524929105596,0,42
1,1.7801712200249034,2.763408973611985,1.3315238928914517,1,42
2,1.7801733907637387,2.763405542833012,1.331525882903064,2,42
3,1.7801867624639873,2.7633844089903103,1.3315381416837566,3,42
