,ReH,ReE,ReHT,index,replica
0,0.8465794881389037,-0.4636460507463298,4.363686032206294,0,69
1,0.8465904382197843,-0.4636695497541819,4.36369174252189,1,69
2,0.8466007072460454,-0.4636915872107707,4.363697097676876,2,69
3,0.8466609902960471,-0.46382095537741286,4.363728534460215,3,69
