,ReH,ReE,ReHT,index,replica
0,0.7210064839694825,4.0404485452742644,4.6709223139063205,0,32
1,0.7210024068908087,4.040446124845218,4.670943123116842,1,32
2,0.7210581640909421,4.0404792261033755,4.670658540952536,2,32
3,0.7210102755679271,4.040450796223784,4.670902961766828,3,32
