,ReH,ReE,ReHT,index,replica
0,2.927886815906047,0.2605826030925924,-2.305707381896238,0,79
1,2.9279032356804215,0.2605583190559352,-2.3057172354012567,1,79
2,2.9279198313320447,0.2605337748779426,-2.305727194454744,2,79
3,2.9281067316492413,0.26025735833879116,-2.305839353346756,3,79
