,ReH,ReE,ReHT,index,replica
0,2.5547354980037156,1.7289782652332693,-1.1660370458708935,0,58
1,2.5547562687433576,1.7289791379743185,-1.1660465758809324,1,58
2,2.554754705181346,1.7289790722831766,-1.1660458584886122,2,58
3,2.5547574612412154,1.7289791880916452,-1.1660471230130947,3,58
