,ReH,ReE,ReHT,index,replica
0,4.305006622226674,-3.647591888046027,-6.286282162284454,0,82
1,4.305007962871317,-3.6475924815518495,-6.286280864141734,1,82
2,4.305005157759336,-3.6475912396928054,-6.2862835803684405,2,82
3,4.305025257459658,-3.6476001380315437,-6.2862641176429666,3,82
