,ReH,ReE,ReHT,index,replica
0,0.2665579379799409,2.518041775741434,6.058467172124608,0,18
1,0.26655763610302086,2.5180416380843393,6.058467131693484,1,18
2,0.2665577290898037,2.5180416803054664,6.058467144019154,2,18
3,0.2665555687525941,2.518040695450675,6.058466854865403,3,18
