,ReH,ReE,ReHT,index,replica
0,3.2255029081624267,-5.007224338252103,-2.8858271307250765,0,51
1,3.225546572844128,-5.00723489383714,-2.8857937808488585,1,51
2,3.225670432135531,-5.007264835831787,-2.885699180556231,2,51
3,3.2255254968696683,-5.0072297988886,-2.885809878094866,3,51
