,ReH,ReE,ReHT,index,replica
0,0.5714682374018938,-7.9780398847118015,5.5334610645724,0,23
1,0.5714503893714438,-7.978036629699342,5.533485023902824,1,23
2,0.5714337665422706,-7.978033598121959,5.533507338521222,2,23
3,0.5712238836212948,-7.977995320917786,5.533789086984337,3,23
