,ReH,ReE,ReHT,index,replica
0,0.4859110517859352,-4.275807215391889,5.620634490478549,0,48
1,0.4859107799347602,-4.275808903199408,5.620637672980505,1,48
2,0.48591095573797516,-4.275807811708139,5.620635614872148,2,48
3,0.48591269919617275,-4.275796987343659,5.620615204770518,3,48
