,ReH,ReE,ReHT,index,replica
0,2.422278724457377,0.3773927859914682,-0.5672292980339455,0,1
1,2.422288694275893,0.3773910804464892,-0.5672171138347468,1,1
2,2.4222903117045984,0.37739080369337175,-0.5672151371215388,2,1
3,2.4222894592882644,0.37739094956357755,-0.5672161788992074,3,1
