,ReH,ReE,ReHT,index,replica
0,0.611309638045201,0.6257068445823495,5.042733446730839,0,65
1,0.6113144563154624,0.6257119927386809,5.042729996728191,1,65
2,0.6111815728817123,0.6255700114337926,5.042825144513073,2,65
3,0.611331200259696,0.6257298830606264,5.042718007652343,3,65
