,ReH,ReE,ReHT,index,replica
0,2.9555321615188097,0.35104788744121995,-2.341484873077332,0,9
1,2.955530341937437,0.3510503341880277,-2.3414844626001,1,9
2,2.955552888715164,0.35102001605895167,-2.3414895461029106,2,9
3,2.955533606837027,0.35104594395491556,-2.341485198859086,3,9
