,ReH,ReE,ReHT,index,replica
0,3.613772615958811,-3.6145407438803403,-4.2285369110832765,0,73
1,3.6137849669308224,-3.614550435638332,-4.2285365912570185,1,73
2,3.613772069108223,-3.6145403147859625,-4.228536925382253,2,73
3,3.61377117259981,-3.614539611309767,-4.228536948680986,3,73
