,ReH,ReE,ReHT,index,replica
0,2.127178661150732,3.197645323702422,0.1960789599867534,0,41
1,2.1271361507632243,3.197651566747089,0.19606506352418812,1,41
2,2.1274406229744534,3.197606852182526,0.1961645941745085,2,41
3,2.127158237378281,3.197648323128848,0.1960722835453316,3,41
