,ReH,ReE,ReHT,index,replica
0,2.809756306951426,0.792331970188153,-1.9823229716821227,0,43
1,2.809735159239414,0.7923042116219723,-1.9823082806024084,1,43
2,2.80974059440498,0.792311345682895,-1.9823120568597103,2,43
3,2.8097393944220226,0.7923097705448616,-1.982311223360567,3,43
