,ReH,ReE,ReHT,index,replica
0,2.4122963369620836,0.23570438271723299,-0.46695585998964806,0,6
1,2.412310805838122,0.23572087626508587,-0.46690284408759986,1,6
2,2.4122973909349668,0.23570558419094645,-0.4669519980599509,2,6
3,2.4122952258346926,0.2357031161419815,-0.46695993123590684,3,6
