,ReH,ReE,ReHT,index,replica
0,2.0977681465639293,-0.16219549112568288,-0.9843710921079758,0,55
1,2.0941102218988252,-0.16537817087397771,-0.9873891535550341,1,55
2,2.094375296837705,-0.16514753500351093,-0.9871704469038534,2,55
3,2.0946211628728824,-0.1649336123779504,-0.9869675890355307,3,55
