,ReH,ReE,ReHT,index,replica
0,2.526756362950898,-4.745719503391802,-0.8050072539724646,0,90
1,2.526755870655766,-4.745720207796403,-0.805007098298816,1,90
2,2.526757174017095,-4.745718342029173,-0.8050075106341662,2,90
3,2.5267650832371524,-4.74570702018807,-0.8050100127650144,3,90
