,ReH,ReE,ReHT,index,replica
0,-0.7290652358580898,-1.014203624158803,7.016482007752688,0,7
1,-0.7290603993548865,-1.0147031612357666,7.016938836705249,1,7
2,-0.7290704502244305,-1.013665059483435,7.015989487883673,2,7
3,-0.7289984941109822,-1.0210970294768824,7.022786058596608,3,7
