,ReH,ReE,ReHT,index,replica
0,3.1771239678382455,-5.57968070496445,-2.899916596415086,0,93
1,3.1773541326191506,-5.579674255503841,-2.900090505285781,1,93
2,3.1771416042994005,-5.579680210773816,-2.899929922244576,2,93
3,3.1771054890987207,-5.579681222757092,-2.8999026341711263,3,93
