,ReH,ReE,ReHT,index,replica
0,1.9012749036380208,-1.0114117913267253,1.1759573565467145,0,52
1,1.9011947954416961,-1.0114700403289856,1.1754768048471909,1,52
2,1.901200759711755,-1.0114657035281722,1.175512583237238,2,52
3,1.9012059637467078,-1.011461919523119,1.1755438011102004,3,52
