,ReH,ReE,ReHT,index,replica
0,3.2068417816457524,6.559927617257629,-3.40341680205432,0,74
1,3.2064163630131786,6.559324988102517,-3.403315933195299,1,74
2,3.2063810165645057,6.559274917889963,-3.403307552377223,2,74
3,3.2064452444039313,6.559365900197755,-3.403322781116284,3,74
