,ReH,ReE,ReHT,index,replica
0,2.128380958108649,0.4655158484887675,-2.3011877648309014,0,46
1,2.1285075840331427,0.4654572849581716,-2.301347421588143,1,46
2,2.1285290475779277,0.4654473582331761,-2.3013744839731514,2,46
3,2.128512395860083,0.46545505952638916,-2.301353488594689,3,46
