,ReH,ReE,ReHT,index,replica
0,1.7612867120787168,3.4911435073033266,3.9952893265914824,0,3
1,1.7612804016284822,3.4911434368339727,3.9952933717810932,1,3
2,1.7612792710835188,3.49114342410786,3.9952940962591548,2,3
3,1.7612798963964655,3.491143431245368,3.9952936957738165,3,3
