,ReH,ReE,ReHT,index,replica
0,1.3334035862969311,-7.909853614880751,2.483056356791498,0,52
1,1.3355783716293512,-7.921071881609469,2.4901748700534085,1,52
2,1.3337073615348842,-7.911420588684087,2.4840506747257693,2,52
3,1.3335611841539525,-7.910666557089083,2.4835722065231183,3,52
