,ReH,ReE,ReHT,index,replica
0,2.583742547947004,-5.257141062615675,-1.6855882887371176,0,64
1,2.5840356961142614,-5.257073958952466,-1.6859918605197963,1,64
2,2.5837837051268195,-5.257131641449776,-1.685644949082219,2,64
3,2.5837638947403314,-5.257136176192966,-1.685617676472375,3,64
