,ReH,ReE,ReHT,index,replica
0,2.195884849722647,0.09022368141973289,-2.5566667232567584,0,29
1,2.195884904196425,0.09022366906358197,-2.5566666963718188,1,29
2,2.195879353270256,0.09022491827687597,-2.5566694472135447,2,29
3,2.1958879528198505,0.09022298369043141,-2.5566651847797495,3,29
