,ReH,ReE,ReHT,index,replica
0,2.3515905796972767,-0.7714453840752982,-6.117967265074501,0,94
1,2.3515913647718465,-0.7714467585219065,-6.1179662616869575,1,94
2,2.351592348232077,-0.7714484806258484,-6.117965004178954,2,94
3,2.3515838938856293,-0.7714336789942176,-6.117975810218677,3,94
