,ReH,ReE,ReHT,index,replica
0,1.77360278924844,3.5010075154625815,3.345805031891703,0,54
1,1.7736024511006923,3.5010078110264207,3.3458049073649234,1,54
2,1.7736025443915024,3.5010077293853694,3.3458049415431796,2,54
3,1.7736055583769543,3.501005095340669,3.345806052191221,3,54
