,ReH,ReE,ReHT,index,replica
0,2.7535377098210256,-5.7521836613218085,-4.471547858658135,0,47
1,2.753641043801043,-5.752130879179238,-4.471424491188908,1,47
2,2.753626645793047,-5.752138233561645,-4.471441680554361,2,47
3,2.7536336156364114,-5.752134673423983,-4.471433359460881,3,47
