,ReH,ReE,ReHT,index,replica
0,2.427503856750378,-3.527526349735271,0.9135710489122539,0,62
1,2.427506937051853,-3.5275213626861044,0.9135736305102747,1,62
2,2.427505298134901,-3.527524016136021,0.9135722569230984,2,62
3,2.42752318977835,-3.5274950492144415,0.9135872519585493,3,62
