,ReH,ReE,ReHT,index,replica
0,2.023405810144877,0.9494581895492573,1.7506188474625526,0,51
1,2.023407474294028,0.9494590219130614,1.7506194356449152,1,51
2,2.023409561071521,0.9494600687913061,1.7506201735117308,2,51
3,2.023407534080362,0.9494590522498665,1.750619456818869,3,51
