,ReH,ReE,ReHT,index,replica
0,1.695692804787475,4.59615030722274,2.779431315935022,0,90
1,1.6955814109653735,4.596100729037457,2.779417458056538,1,90
2,1.6957040380795787,4.596155306841664,2.779432713406326,2,90
3,1.6956867407812106,4.596147608309762,2.7794305615485513,3,90
