,ReH,ReE,ReHT,index,replica
0,2.173662762449486,0.506585028321124,-3.183392879341601,0,58
1,2.1736732024118766,0.5065846177810724,-3.183390400009883,1,58
2,2.1735354634916066,0.5065900342473557,-3.1834231109192532,2,58
3,2.173678416619898,0.5065844127334367,-3.183389161713293,3,58
