,ReH,ReE,ReHT,index,replica
0,2.3550293865712746,-2.052406945062013,-3.839562474777212,0,78
1,2.3550296802283803,-2.0524068797554635,-3.8395630440445783,1,78
2,2.355029114072674,-2.0524070056803465,-3.839561946516281,2,78
3,2.3550256380244203,-2.052407778861683,-3.839555207955861,3,78
