,ReH,ReE,ReHT,index,replica
0,2.0901453864180057,0.44702113375631836,0.12018991286667441,0,71
1,2.090170021977234,0.4470083911631808,0.12017581722459289,1,71
2,2.0901579445669443,0.44701463812881836,0.1201827275117489,2,71
3,2.0903153190806583,0.44693323713317623,0.12009268308557722,3,71
