,ReH,ReE,ReHT,index,replica
0,2.49092892330974,-2.9294247277338203,-3.424466360913343,0,17
1,2.4909004734819296,-2.9294885934521773,-3.4244815201721313,1,17
2,2.4908969900925593,-2.929496413158137,-3.424483376265537,2,17
3,2.4908981581181973,-2.9294937910866006,-3.424482753890342,3,17
