,ReH,ReE,ReHT,index,replica
0,0.0814049967607603,-7.1551511812286295,-6.011977823072012,0,39
1,0.08154702972564473,-7.156057903459876,-6.01261619176838,1,39
2,0.08336499300676081,-7.167663573479173,-6.020787047392659,2,39
3,0.08167877013810901,-7.156898919210453,-6.013208300474371,3,39
