,ReH,ReE,ReHT,index,replica
0,1.9617289658023631,1.8162674925695936,1.2686660085636567,0,95
1,1.9617237068821103,1.8162827879750498,1.2686561360866095,1,95
2,1.9617294979033777,1.816265944949067,1.2686670074771504,2,95
3,1.961729969245956,1.8162645741163068,1.268667892299385,3,95
