,ReH,ReE,ReHT,index,replica
0,1.7527655872560435,5.643100274997138,-3.7200666072590796,0,28
1,1.7527652447119948,5.643100278263548,-3.7200664333882707,1,28
2,1.7527699586759953,5.643100233255112,-3.720068826108305,2,28
3,1.752765902603662,5.643100271995481,-3.720066767326867,3,28
