,ReH,ReE,ReHT,index,replica
0,2.5388149329914738,-4.396478638140766,-0.6626274891808827,0,2
1,2.538818068509367,-4.396456305471,-0.6626334527523419,1,2
2,2.5388374128390585,-4.39631852597538,-0.6626702445128287,2,2
3,2.538816582650216,-4.396466888482923,-0.6626306267333988,3,2
