,ReH,ReE,ReHT,index,replica
0,2.213387688645155,0.8754194444128756,-7.102252982206869,0,27
1,2.2133583420721665,0.875425627195114,-7.102238776459492,1,27
2,2.21355343984483,0.8753845237042601,-7.10233321710664,2,27
3,2.2133729298590143,0.875422553815494,-7.102245837944402,3,27
