,ReH,ReE,ReHT,index,replica
0,1.7706667363783364,2.8652097261889233,5.568110201545865,0,19
1,1.7706400100011304,2.865198154810085,5.568096407607369,1,19
2,1.7706647884465734,2.8652088828241027,5.568109196189377,2,19
3,1.7706688356555023,2.8652106350972044,5.568111285028989,3,19
