,ReH,ReE,ReHT,index,replica
0,1.9806442200090753,2.6074826071266863,-2.71439975549493,0,80
1,1.98062823853729,2.607522256124142,-2.714416271362519,1,80
2,1.980643029989298,2.6074855594999273,-2.714400985320454,2,80
3,1.9806419920069689,2.607488134677329,-2.7144020580203563,3,80
