,ReH,ReE,ReHT,index,replica
0,2.5507688689674355,-4.604010729195908,-1.5793916498546707,0,6
1,2.5507530641014924,-4.60402408966711,-1.5793814504913406,1,6
2,2.5507682944037553,-4.604011214890716,-1.5793912790699052,2,6
3,2.5507708891433554,-4.604009021457209,-1.5793929535409728,3,6
