,ReH,ReE,ReHT,index,replica
0,2.0049755111263363,2.2634738675306476,-2.705334415392719,0,60
1,2.0050017486272966,2.263472099678685,-2.705350023273951,1,60
2,2.0050205061337043,2.263470835822433,-2.705361181534313,2,60
3,2.005297996930199,2.2634521387979274,-2.7055262522536676,3,60
