,ReH,ReE,ReHT,index,replica
0,1.8186724784618962,3.016377405723894,3.10184696312653,0,83
1,1.8189383383849917,3.016327022624994,3.101920431154962,1,83
2,1.8186911321267019,3.016373870671059,3.101852117905282,2,83
3,1.8187092085974275,3.0163704449992474,3.1018571131741814,3,83
