,ReH,ReE,ReHT,index,replica
0,2.2947023487883262,-3.562455307786647,6.106282775982185,0,86
1,2.2946962185964592,-3.5624630111187545,6.1062684653919765,1,86
2,2.29473445116845,-3.5624149672174448,6.106357717200199,2,86
3,2.2946990932299833,-3.5624593987986852,6.106275176063614,3,86
