,ReH,ReE,ReHT,index,replica
0,1.759555575296747,4.730941300154978,-1.4658579516292107,0,74
1,1.7593920340680933,4.730928160170073,-1.4654031860357524,1,74
2,1.7593794722092002,4.730927150864655,-1.4653682547829738,2,74
3,1.7593655256217433,4.730926030303684,-1.4653294729582473,3,74
