,ReH,ReE,ReHT,index,replica
0,2.632044665872403,-2.21664720261903,-2.368365664772992,0,98
1,2.632040261629978,-2.2169909133636967,-2.3687458934583825,1,98
2,2.6320450120183536,-2.2166201889799955,-2.368335781048734,2,98
3,2.6320443492451275,-2.2166719124957472,-2.3683929999778375,3,98
