,ReH,ReE,ReHT,index,replica
0,2.360307983965423,-2.9157884480934646,-0.655028791800945,0,84
1,2.360323699490757,-2.915817513597588,-0.6550407358051449,1,84
2,2.36047954047885,-2.916105737977942,-0.6551591770157781,2,84
3,2.360293957588354,-2.915762506628915,-0.6550181315699505,3,84
