,ReH,ReE,ReHT,index,replica
0,2.4753337421081483,-4.436521905069687,2.053493867320894,0,24
1,2.4753582937340184,-4.4365206361848895,2.0535341579209847,1,24
2,2.4751829865809984,-4.436529696486119,2.0532464690019423,2,24
3,2.4753455534816258,-4.436521294626562,2.0535132504521227,3,24
