,ReH,ReE,ReHT,index,replica
0,2.3211988775075403,-0.6118392250237494,-4.568524148878165,0,12
1,2.321138400335051,-0.6120553176506638,-4.568503637390079,1,12
2,2.3212042332901452,-0.6118200881224052,-4.568525965354944,2,12
3,2.321209592456089,-0.6118009391504384,-4.568527782971184,3,12
