,ReH,ReE,ReHT,index,replica
0,2.1092169394445746,-0.6850899711661576,3.720301868214968,0,50
1,2.1092227019932897,-0.6850954636615414,3.720303890424696,1,50
2,2.109222233247759,-0.6850950168718821,3.7203037259373506,2,50
3,2.1092218979859743,-0.6850946973350737,3.720303608274623,3,50
