,ReH,ReE,ReHT,index,replica
0,1.7869848891757134,5.943279039689803,-6.340346522469573,0,82
1,1.7870080442713192,5.943269315698489,-6.340350474728451,1,82
2,1.7870048078278673,5.9432706748467865,-6.340349922306486,2,82
3,1.7870063647990797,5.943270020995073,-6.340350188061921,3,82
