,ReH,ReE,ReHT,index,replica
0,2.0661302206756993,-0.8466639927342805,6.161436351393213,0,37
1,2.0661919457410542,-0.8466440669779719,6.161440142314856,1,37
2,2.0665636830796927,-0.8465240647205263,6.161462973029226,2,37
3,2.0661620398635234,-0.8466537210335555,6.161438305610008,3,37
