,ReH,ReE,ReHT,index,replica
0,2.0976224654998505,0.7640537509233747,-0.9964287702378105,0,34
1,2.097640918947434,0.764057220000742,-0.9964320623410404,1,34
2,2.097638289613718,0.7640567257043738,-0.9964315932699563,2,34
3,2.097639562530723,0.7640569649977474,-0.9964318203567688,3,34
