,ReH,ReE,ReHT,index,replica
0,2.1994721035605176,-2.5658873534496838,6.686031605941288,0,48
1,2.19947263434194,-2.5658883904240595,6.686031398372924,1,48
2,2.19947967068446,-2.5659021375401547,6.686028646531725,2,48
3,2.1994731479225775,-2.5658893938786216,6.686031197489086,3,48
