,ReH,ReE,ReHT,index,replica
0,2.1069891221240704,1.1592691656502006,-2.743237911991913,0,23
1,2.1069852336755774,1.1592689910736667,-2.743238068545824,1,23
2,2.1069851023234536,1.1592689853478368,-2.743238073746432,2,23
3,2.1069788604499746,1.1592687066564866,-2.743238324260025,3,23
