,ReH,ReE,ReHT,index,replica
0,2.501367214551939,-2.7228448614878693,-4.024506604189012,0,61
1,2.5013656525547585,-2.722847755158037,-4.024508707836285,1,61
2,2.501367664346221,-2.722844028251943,-4.024505998426042,2,61
3,2.5013796127778054,-2.7228218933386996,-4.024489906699857,3,61
