,ReH,ReE,ReHT,index,replica
0,1.9657597921582206,3.2711853358941454,-3.6394020905644933,0,70
1,1.9657608427321205,3.271185797701788,-3.6394013492411443,1,70
2,1.965760157383893,3.271185496436317,-3.6394018328462745,2,70
3,1.9657693038466717,3.271189517232715,-3.6393953784470536,3,70
