,ReH,ReE,ReHT,index,replica
0,1.6172553126438765,5.11564508084165,-0.2612617104402576,0,9
1,1.6172322573526172,5.115831959126435,-0.2612150201443273,1,9
2,1.617225781824788,5.115884449153394,-0.26120190611979793,2,9
3,1.6172329826387994,5.115826080405878,-0.26121648893565996,3,9
