,ReH,ReE,ReHT,index,replica
0,1.9806120790314852,2.216052527007043,-1.5093663872178609,0,57
1,1.9806034104278591,2.2160621975789314,-1.5093646607978903,1,57
2,1.9806040402289573,2.216061494979532,-1.509364786225702,2,57
3,1.9806027310517953,2.216062955476337,-1.5093645254901216,3,57
