,ReH,ReE,ReHT,index,replica
0,2.620677206411484,-5.407889094805318,-1.0523010989728396,0,42
1,2.620681825299825,-5.40788258446497,-1.052301439115094,1,42
2,2.620681729434957,-5.407882719841409,-1.0523014320404012,2,42
3,2.620683300098496,-5.407880504326171,-1.0523015478033608,3,42
