,ReH,ReE,ReHT,index,replica
0,0.5084528703662213,-6.839883476965536,1.9684944735218886,0,21
1,0.5084772629921609,-6.840247240703764,1.96747723349501,1,21
2,0.5083026315025734,-6.837642986225962,1.9747598503133457,2,21
3,0.5084646081564779,-6.8400585209550675,1.9680049751604023,3,21
