,ReH,ReE,ReHT,index,replica
0,1.7837829531689384,6.030123608365583,-7.460993844778873,0,38
1,1.7837428443355399,6.030125373180846,-7.460938855518483,1,38
2,1.7837642649765928,6.030124430661283,-7.46096822324238,2,38
3,1.7840306028885888,6.030112711621072,-7.46133337284637,3,38
