,ReH,ReE,ReHT,index,replica
0,1.9981362677801804,0.8042632957360395,2.8148079034072193,0,96
1,1.998049466626749,0.8047681326415881,2.814683317006012,1,96
2,1.9980620636273703,0.8046948682195396,2.8147013975943604,2,96
3,1.9980558965661375,0.8047307359362497,2.814692545963548,3,96
