,ReH,ReE,ReHT,index,replica
0,2.0600973011974277,1.2572059539135356,-0.5146586740938948,0,8
1,2.0602852561771643,1.2574141907284444,-0.5144942476479769,1,8
2,2.0601462863061166,1.2572602249001035,-0.5146158210266343,2,8
3,2.0601228889741314,1.257234302813249,-0.5146362894395968,3,8
