,ReH,ReE,ReHT,index,replica
0,2.838500039079106,-7.267359884331324,-0.536915912067319,0,43
1,2.8385024375217784,-7.267357426504637,-0.5369051159341838,1,43
2,2.8385320334081343,-7.267327097852673,-0.536771895770529,2,43
3,2.838498197348262,-7.267361771662424,-0.5369242022654988,3,43
