,ReH,ReE,ReHT,index,replica
0,2.405801616206735,-3.9825652107838403,2.4100394508959573,0,67
1,2.405831365188969,-3.9825896202627744,2.4100374161067917,1,67
2,2.406012405833093,-3.982738166773991,2.410025033195466,2,67
3,2.405817034947919,-3.982577862087923,2.410038396275482,3,67
