,ReH,ReE,ReHT,index,replica
0,4.092772423594562,5.97287439136287,-0.781845132733805,0,63
1,4.09369904764703,5.968943025182156,-0.7812375535154807,1,63
2,4.093849493356997,5.968304732690157,-0.7811389075901852,2,63
3,4.093771442487258,5.96863587728854,-0.7811900848570782,3,63
