,ReH,ReE,ReHT,index,replica
0,2.081691989670336,-8.895638874328869,-8.80512439936459,0,53
1,2.079200885362635,-8.893078534088868,-8.796627417356667,1,53
2,2.0790062615580407,-8.892878501052845,-8.795963569214376,2,53
3,2.079381405570824,-8.893264071544499,-8.797243159118832,3,53
