,ReH,ReE,ReHT,index,replica
0,-2.1810624251493875,8.36665435146281,-7.08751904708202,0,26
1,-2.1809207335668948,8.36698558404995,-7.087652162433305,1,26
2,-2.1791071398384947,8.37122522435299,-7.08935598394177,2,26
3,-2.1812151867439575,8.36629724049385,-7.087375531758598,3,26
