,ReH,ReE,ReHT,index,replica
0,2.049626000488825,0.7432847799354698,5.784728896634592,0,1
1,2.049618635145772,0.7433236928141795,5.784787876563591,1,1
2,2.049612213621498,0.7433576192792999,5.784839298621053,2,1
3,2.0495271058534783,0.7438072641783455,5.785520821619856,3,1
