,ReH,ReE,ReHT,index,replica
0,2.005192099048452,2.5792908237281402,-3.2547176196455596,0,14
1,2.005164915745084,2.579302114708213,-3.254731619464959,1,14
2,2.004999951667864,2.57937063493631,-3.254816578500786,2,14
3,2.005174340072106,2.579298200176763,-3.2547267657935053,3,14
