,ReH,ReE,ReHT,index,replica
0,2.3374109717263973,-1.552159087083407,-3.894674907265792,0,33
1,2.3374153860882316,-1.5520991088894822,-3.8947150927528824,1,33
2,2.337410490991414,-1.5521656186148949,-3.894670530969072,2,33
3,2.3374113456855543,-1.552154006000678,-3.8946783115472803,3,33
