,ReH,ReE,ReHT,index,replica
0,2.0887836278365457,1.0005219713246676,-1.4236616750426156,0,30
1,2.088792850933671,1.0005286870819559,-1.4236653852567867,1,30
2,2.088786852549762,1.0005243190498776,-1.4236629733061936,2,30
3,2.088787029913272,1.0005244480730289,-1.4236630450383752,3,30
