,ReH,ReE,ReHT,index,replica
0,1.991355377707272,1.0885923132521698,1.9855647242696004,0,85
1,1.9913289880390335,1.0885969198571241,1.985627366551693,1,85
2,1.991168391911284,1.088624953666987,1.9860085804584315,2,85
3,1.9913417102222204,1.088594699061633,1.9855971673642192,3,85
