,ReH,ReE,ReHT,index,replica
0,1.1603967991129416,9.241945236607119,5.07696356179852,0,72
1,1.162719480565805,9.247367716916209,5.077279537634329,1,72
2,1.1602153337685022,9.241521591661833,5.076938875389539,2,72
3,1.1600196909865268,9.241064848386749,5.076912260293074,3,72
