,ReH,ReE,ReHT,index,replica
0,1.7461360049788794,2.647738321770455,6.062210968696949,0,97
1,1.7461372939145527,2.647758933255271,6.0622160306382,1,97
2,1.7461499500173634,2.6479613177560144,6.0622657339431205,2,97
3,1.7461348728121822,2.647720217252111,6.062206522433481,3,97
