,ReH,ReE,ReHT,index,replica
0,2.5102554705203604,-6.134774730835309,5.826211464953811,0,55
1,2.5102122702814116,-6.134738745747975,5.8261937662572985,1,55
2,2.5102623943017512,-6.134780498230819,5.8262143015561865,2,55
3,2.5102588773121326,-6.134777568639518,5.82621286068063,3,55
