,ReH,ReE,ReHT,index,replica
0,2.197844644626059,-0.8122467053943649,-1.4838723177333661,0,89
1,2.1977974181161164,-0.8122852147997027,-1.4837198534011862,1,89
2,2.1977956008631643,-0.81228669663021,-1.4837139866330762,2,89
3,2.19780096948221,-0.8122823189470785,-1.4837313185015968,3,89
