,ReH,ReE,ReHT,index,replica
0,3.147303850828144,-6.793040648622261,-7.802281284619408,0,4
1,3.147312650506213,-6.79287853301952,-7.802193057168026,1,4
2,3.147307951612799,-6.792965100246935,-7.802240169265998,2,4
3,3.147249539369289,-6.79404122336644,-7.802825822942886,3,4
