,ReH,ReE,ReHT,index,replica
0,1.2827370448095605,-8.659569695274147,-4.8344341652574725,0,16
1,1.2847825994359674,-8.66156853370391,-4.845730691573024,1,16
2,1.2830227690297402,-8.659848894149519,-4.8360120704018925,2,16
3,1.28288527784215,-8.659714542973294,-4.835252778613874,3,16
