,ReH,ReE,ReHT,index,replica
0,2.4176865313206823,-2.0317978067390254,-2.880317474251111,0,13
1,2.417684794850442,-2.031798475206164,-2.8803214879418158,1,13
2,2.4177084512469342,-2.0317893684689157,-2.880266808316203,2,13
3,2.41768292937323,-2.0317991933468442,-2.880325799832251,3,13
