,ReH,ReE,ReHT,index,replica
0,1.6003917835592638,7.8154216156133645,-4.209072274624669,0,20
1,1.600407513856625,7.815424926774611,-4.209059313950038,1,20
2,1.6006097015997631,7.815467486425755,-4.208892725234469,2,20
3,1.600374710156998,7.815418021741184,-4.2090863419366595,3,20
