,ReH,ReE,ReHT,index,replica
0,2.15972897597847,0.23111921206057984,-1.520072818987746,0,59
1,2.159719974475247,0.23111672407146727,-1.520075040511542,1,59
2,2.159727721418348,0.2311188653049308,-1.5200731286131068,2,59
3,2.159728328747139,0.23111903317940558,-1.520072978736402,3,59
