,ReH,ReE,ReHT,index,replica
0,0.44451179310291855,-0.30754201805567266,2.6044400219008033,0,15
1,0.4448942314944635,-0.3072464044831064,2.6045177213133415,1,15
2,0.44524895612952564,-0.3069722128250415,2.6045897901647104,2,15
3,0.44978928493600634,-0.3034626728593679,2.605512241698495,3,15
