,ReH,ReE,ReHT,index,replica
0,1.9107684070783248,2.244581747042478,2.0044747463370842,0,66
1,1.9107654126039684,2.24458244873597,2.004471375251519,1,66
2,1.910765239039856,2.244582489393477,2.0044711798610417,2,66
3,1.9107649194500438,2.2445825642573256,2.004470820096222,3,66
