,ReH,ReE,ReHT,index,replica
0,1.9184642769486109,3.201400085317922,-2.3175930241960963,0,65
1,1.9184464623853619,3.2013818412252384,-2.317568071297018,1,65
2,1.9186916479945364,3.201632938480592,-2.317911503249978,2,65
3,1.9184806902553284,3.2014168943630708,-2.317616014344912,3,65
