,ReH,ReE,ReHT,index,replica
0,-2.138067531186659,6.318452007701836,-7.86481321351325,0,36
1,-2.138051308485394,6.318819079493355,-7.8647978360924045,1,36
2,-2.138085021328144,6.3180562575079815,-7.8648297923288215,2,36
3,-2.137843664606118,6.323517446768385,-7.864601011483798,3,36
