,ReH,ReE,ReHT,index,replica
0,2.4333663730606574,-3.7093254968186207,-0.7139444049461976,0,88
1,2.4332648595262434,-3.7093325618192923,-0.7137805377271982,1,88
2,2.4333829538751517,-3.7093243428533453,-0.7139711703719409,2,88
3,2.4333743534282712,-3.7093249414077376,-0.7139572871689818,3,88
