,ReH,ReE,ReHT,index,replica
0,1.79108547560056,4.282453974054066,-0.06910863123722993,0,7
1,1.791108112883873,4.282456811553958,-0.06909290687761875,1,7
2,1.7910613535139461,4.282450950437221,-0.06912538697598955,2,7
3,1.7913969595444978,4.282493017420856,-0.06889226756487059,3,7
