,ReH,ReE,ReHT,index,replica
0,1.8812928980776682,4.167777757718149,-3.7853593214791754,0,69
1,1.8813152867674676,4.167832823710453,-3.7853903402579925,1,69
2,1.88158828779894,4.168504281950024,-3.785768573950038,2,69
3,1.8813402686682763,4.167894267811193,-3.7854249518354566,3,69
