,ReH,ReE,ReHT,index,replica
0,2.0298264988786334,1.2740034248096928,0.3754300821848927,0,0
1,2.029805851497736,1.2739892764767244,0.37542404735554336,1,0
2,2.0301300684058163,1.2742114416454098,0.3755188096632972,2,0
3,2.029777062490213,1.2739695491983183,0.3754156328878311,3,0
