,ReH,ReE,ReHT,index,replica
0,2.28486696509182,-0.5246287621205246,-3.419979578762735,0,87
1,2.284925765612351,-0.5246902639854301,-3.4198728323341294,1,87
2,2.284862328107525,-0.5246239121098146,-3.4199879967166105,2,87
3,2.2848575410486607,-0.5246189051302026,-3.419996687160446,3,87
