,ReH,ReE,ReHT,index,replica
0,-4.76364421684907,2.2130745984468883,3.398306187933482,0,100
1,-4.763500852698776,2.21736364606787,3.3982663032139104,1,100
2,-4.763633827831616,2.2133854083033735,3.398303297647522,2,100
3,-4.7636241916639985,2.2136736950312326,3.39830061681164,3,100
