,ReH,ReE,ReHT,index,replica
0,2.4120983971422203,-2.4451323325556187,-2.86033825739247,0,68
1,2.4120855478436303,-2.445123089954731,-2.8603472596423067,1,68
2,2.4120974113259304,-2.445131623434432,-2.860338948068782,2,68
3,2.412096606165444,-2.4451310442899743,-2.860339512154009,3,68
