,ReH,ReE,ReHT,index,replica
0,2.3929884480033246,-3.2269198176258733,0.7289240898465725,0,22
1,2.3931729436738776,-3.226925712265901,0.7290042589850636,1,22
2,2.393014202147959,-3.226920640475412,0.7289352808320186,2,22
3,2.3930018541614544,-3.2269202459565376,0.7289299152449185,3,22
