,ReH,ReE,ReHT,index,replica
0,2.3056529493357676,-2.7622155777772175,2.413615224123525,0,44
1,2.305650962443612,-2.7622114792585735,2.4136140086338926,1,44
2,2.3056527471191686,-2.7622151607716567,2.413615100398408,2,44
3,2.3056549096804746,-2.762219620885835,2.4136164234717983,3,44
