,ReH,ReE,ReHT,index,replica
0,1.9767871625920947,1.2693956548676537,2.6994242052575093,0,18
1,1.976792545026456,1.269404407924552,2.699430089875354,1,18
2,1.9767879214056912,1.2693968888864462,2.699425034886529,2,18
3,1.9767875552398793,1.269396293434808,2.699424634583928,3,18
