,ReH,ReE,ReHT,index,replica
0,2.121203223127475,1.7914422982755123,-5.00474752805934,0,56
1,2.121197902790442,1.7914416179396029,-5.004751441418044,1,56
2,2.1211939438921377,1.7914411133206527,-5.004754352078576,2,56
3,2.1211980732272835,1.7914416399629804,-5.004751315871115,3,56
