,ReH,ReE,ReHT,index,replica
0,2.3042195743860683,-1.7642015911721605,-1.385171797249402,0,45
1,2.3042077098204627,-1.7642014792239866,-1.3851633085114279,1,45
2,2.304053207216003,-1.7642000214151894,-1.3850527665830303,2,45
3,2.304232748104626,-1.764201715473084,-1.3851812226502274,3,45
