,ReH,ReE,ReHT,index,replica
0,1.8706133265422407,3.0158521047620948,0.9322954207752143,0,40
1,1.87045116408341,3.0158114586083338,0.9322501492557327,1,40
2,1.8704746671906358,3.0158173496824405,0.9322567107088573,2,40
3,1.8704693999890902,3.015816029450792,0.932255240242317,3,40
