,ReH,ReE,ReHT,index,replica
0,1.9032919629474558,3.840277253534164,-3.144208106827767,0,75
1,1.903182778406519,3.8401491443841964,-3.1442216752447276,1,75
2,1.9031738902946018,3.840138715715018,-3.144222779777535,2,75
3,1.9031671132626609,3.840130764056613,-3.144223621958503,3,75
