,ReH,ReE,ReHT,index,replica
0,2.7194564475558742,-6.531732527585273,-1.43427404572399,0,35
1,2.7194545546571858,-6.531731611112829,-1.4342753723112929,1,35
2,2.7194525257593964,-6.5317306287987975,-1.4342767942085448,2,35
3,2.7194806343447224,-6.531744237899607,-1.4342570951058975,3,35
