,ReH,ReE,ReHT,index,replica
0,2.012331044522308,0.9407858444939571,1.7259151688200847,0,5
1,2.0123850030270223,0.9407447420778012,1.7258538978214446,1,5
2,2.0123222711587014,0.9407925275236311,1.725925131143891,2,5
3,2.012327387389786,0.9407886302820978,1.7259193215657191,3,5
