,ReH,ReE,ReHT,index,replica
0,2.7287217021809935,-6.120069333368672,-5.68775549442576,0,73
1,2.7284843554788925,-6.119899133876734,-5.68753637557567,1,73
2,2.728501850494875,-6.119911679417306,-5.6875525270070195,2,73
3,2.728518191473761,-6.119923397407074,-5.687567613023115,3,73
