,ReH,ReE,ReHT,index,replica
0,1.9082400568716364,3.4198089690103632,-3.2400778227509304,0,31
1,1.9083022259551021,3.4197210700924456,-3.2401202698773943,1,31
2,1.9083070967011784,3.4197141834994254,-3.2401235954707213,2,31
3,1.9082977384209177,3.419727414879648,-3.2401172059255217,3,31
