,ReH,ReE,ReHT,index,replica
0,2.596912194519494,-6.797010368218408,3.945893160960064,0,93
1,2.597416035630758,-6.798245726283955,3.946124583794611,1,93
2,2.5968284559527577,-6.796805051287096,3.9458546984054212,2,93
3,2.5968716811597234,-6.796911034309671,3.9458745524817727,3,93
