,ReH,ReE,ReHT,index,replica
0,1.9050676772968536,1.4113163337158725,5.065199351799511,0,25
1,1.9050948653848396,1.4113239985570165,5.06520328041708,1,25
2,1.9051212060049905,1.4113314244842141,5.065207086577459,2,25
3,1.9054551508721471,1.4114255699439218,5.065255340867121,3,25
