,ReH,ReE,ReHT,index,replica
0,2.1972046373324714,-1.8953024698490084,4.360614812860796,0,81
1,2.197203436410017,-1.8953028610292786,4.3606139777686295,1,81
2,2.197212045951169,-1.8953000565625833,4.360619964650695,2,81
3,2.1972040970108146,-1.8953026458310815,4.3606144371471025,3,81
