,ReH,ReE,ReHT,index,replica
0,2.4552539461096536,-4.571206251419445,2.507410763952615,0,99
1,2.4552948628916433,-4.571237568071394,2.507419426233038,1,99
2,2.455274721947543,-4.57122215271292,2.507415162297338,2,99
3,2.455550068417878,-4.571432895825824,2.5074734544788306,3,99
