,ReH,ReE,ReHT,index,replica
0,1.8347809537139952,1.4784723422328203,7.5362086782621365,0,11
1,1.8347752001650783,1.4784562799368741,7.5362099941105525,1,11
2,1.8348380000710645,1.478631599621472,7.536195631643874,2,11
3,1.834770139705597,1.4784421525697695,7.536211151446674,3,11
