,ReH,ReE,ReHT,index,replica
0,1.9735644181742897,2.054106480870288,0.153857241382989,0,92
1,1.9735574680643784,2.0541029703338376,0.15385163739793634,1,92
2,1.9735572034367435,2.054102836645815,0.15385142399275958,2,92
3,1.9735562831427425,2.054102371819968,0.15385068197307306,3,92
