,ReH,ReE,ReHT,index,replica
0,2.2304058349178746,-4.80688413595372,2.925024587895821,0,79
1,2.2310536685379248,-4.806906332944013,2.9248363871512124,1,79
2,2.2350438003554594,-4.8070430484727105,2.923677222582379,2,79
3,2.2307419294298265,-4.8068956516988415,2.924926949805361,3,79
