,ReH,ReE,ReHT,index,replica
0,1.4914398569580647,-7.346789766967412,-6.750170423672685,0,76
1,1.4961957044891268,-7.350897322951999,-6.754709281524358,1,76
2,1.4917844939063611,-7.347087424861136,-6.750499336260969,2,76
3,1.4910682943792415,-7.3464688537999825,-6.749815813959734,3,76
