,ReH,ReE,ReHT,index,replica
0,2.025240103619509,2.5282604130192006,-2.542849467649824,0,41
1,2.0252494505016276,2.52830380797757,-2.5428363811874783,1,41
2,2.0252412720520185,2.5282658377336817,-2.542847831731719,2,41
3,2.0252406110658923,2.5282627689495274,-2.542848757178943,3,41
