,ReH,ReE,ReHT,index,replica
0,-3.03861767824504,8.458680490819301,-2.668385784023849,0,91
1,-3.038768146258601,8.457338491124997,-2.6680784161125954,1,91
2,-3.0386900838179605,8.458034717314948,-2.668237877840322,2,91
3,-3.037690916819691,8.466946124932733,-2.6702789220783423,3,91
