,ReH,ReE,ReHT,index,replica
0,1.4874022570369494,3.854754017525928,3.9624100335872496,0,49
1,1.4875813841197032,3.854690656408847,3.9626758711851786,1,49
2,1.4898741367886785,3.853879660278622,3.9660784826383004,2,49
3,1.48774753059051,3.8546318868141265,3.9629224446133597,3,49
