,ReH,ReE,ReHT,index,replica
0,2.378715371962792,-1.5676512422857147,-4.491381045207964,0,10
1,2.3786953229660233,-1.5676583900725523,-4.491384363408395,1,10
2,2.3786937011155143,-1.567658968286095,-4.491384631825139,2,10
3,2.378696959199011,-1.5676578067245115,-4.4913840925982065,3,10
