,ReH,ReE,ReHT,index,replica
0,2.7003458398976887,-4.612390753685571,-5.583614392372047,0,32
1,2.7002368143338833,-4.6125730717628635,-5.583748889467637,1,32
2,2.7003377291045396,-4.612404316965219,-5.583624398079292,2,32
3,2.7003306488220913,-4.612416156972698,-5.58363313252322,3,32
