,ReH,ReE,ReHT,index,replica
0,2.133057331417932,-0.16171136932773877,0.746949138268115,0,77
1,2.132914040849331,-0.16176970613773312,0.7470116537527516,1,77
2,2.1330700548639165,-0.16170618932424785,0.7469435872225669,2,77
3,2.1330482254503274,-0.16171507657083262,0.7469531110609336,3,77
