,ReH,ReE,ReHT,index,replica
0,1.5920959612099812,-2.4092682687231015,5.913601863914881,0,27
1,1.5919483909538803,-2.4095032130061886,5.913727504261434,1,27
2,1.5919591452203048,-2.409486091309465,5.913718348150705,2,27
3,1.591936796534631,-2.409521672310362,5.913737375680977,3,27
