,ReH,ReE,ReHT,index,replica
0,3.319797221458906,-3.994980991833236,-6.005725193844915,0,34
1,3.3197644734431244,-3.995054577634346,-6.005775235868336,1,34
2,3.3197801182094535,-3.9950194233612386,-6.0057513292047044,2,34
3,3.319671553393436,-3.9952633718341217,-6.005917226358972,3,34
