,ReH,ReE,ReHT,index,replica
0,1.988732982816642,6.947022809001833,-6.809833085721657,0,51
1,1.9886423654129204,6.945959992514622,-6.809337265857758,1,51
2,1.9886351883132691,6.9458758151005995,-6.809297995828819,2,51
3,1.988648830615801,6.946035820395034,-6.809372640703147,3,51
