,ReH,ReE,ReHT,index,replica
0,1.955870152019214,-1.035094747632349,1.633684038517075,0,98
1,1.955867599483735,-1.0350939508905421,1.633683620462861,1,98
2,1.9558689798211488,-1.0350943802781365,1.6336838453898976,2,98
3,1.9558688122210905,-1.0350943282971947,1.6336838182005633,3,98
