,ReH,ReE,ReHT,index,replica
0,2.1358554865876838,-0.641631569031559,-0.2160408578251226,0,19
1,2.1358604132797314,-0.6416341608363496,-0.2160431463893927,1,19
2,2.135859956072995,-0.6416339202697467,-0.21604293407414257,2,19
3,2.1358597109287345,-0.6416337912865964,-0.21604282022859067,3,19
