,ReH,ReE,ReHT,index,replica
0,1.8988175652005492,0.3991968199613368,0.6041427024863066,0,69
1,1.8988426371052163,0.3991784298446564,0.6041316317522257,1,69
2,1.8988259537668593,0.39919066698866335,0.6041389984351913,2,69
3,1.8990466908910482,0.3990287574304571,0.604041529906294,3,69
