,ReH,ReE,ReHT,index,replica
0,2.8102298926281546,-1.6811346404480294,-4.549333626047112,0,10
1,2.8103793696698807,-1.6810279398419428,-4.549520652129949,1,10
2,2.8102045026579914,-1.681152764470279,-4.5493018580488105,2,10
3,2.8102174730377847,-1.6811435058758106,-4.549318086624401,3,10
