,ReH,ReE,ReHT,index,replica
0,1.8305218776916878,-2.8644766081793325,4.482759062496532,0,79
1,1.8305099402506546,-2.864482370791424,4.482760381664727,1,79
2,1.8306559386471746,-2.86441189234752,4.482744247855036,2,79
3,1.8305303625938296,-2.8644725122244283,4.482758124853326,3,79
