,ReH,ReE,ReHT,index,replica
0,2.229293104829093,-1.0888510331185346,-0.5029327321619754,0,3
1,2.2292812989383655,-1.088858425464109,-0.5029217246348607,1,3
2,2.2291310855060145,-1.0889524826898136,-0.5027816692886307,2,3
3,2.2293058365605716,-1.0888430610558972,-0.5029446029156681,3,3
