,ReH,ReE,ReHT,index,replica
0,-0.2773380103670723,9.30349973532931,1.5262028121202968,0,24
1,-0.27738156208092324,9.304459244162405,1.526205757817194,1,24
2,-0.277421957781113,9.305349221304063,1.5262084900516428,2,24
3,-0.2779390060464273,9.316740561022435,1.5262434615230092,3,24
