,ReH,ReE,ReHT,index,replica
0,2.9306946963503755,0.7858624474454539,-7.975532082666346,0,1
1,2.9306843772011133,0.7858383149873773,-7.97551869729655,1,1
2,2.9306963821741245,0.7858663899204406,-7.97553426941411,2,1
3,2.930695507804811,0.7858643451269265,-7.975533135239438,3,1
