,ReH,ReE,ReHT,index,replica
0,-4.069037553868785,0.015656200250227664,-0.16253743302721696,0,39
1,-4.06901698714846,0.015749163609980025,-0.16241100656841512,1,39
2,-4.069059727415635,0.01555597389247904,-0.1626737368733857,2,39
3,-4.068753741627367,0.01693905622568259,-0.16079280010119312,3,39
