,ReH,ReE,ReHT,index,replica
0,0.3986403194017386,5.8869982685865585,7.009234838765961,0,38
1,0.3987614108377298,5.886678121222966,7.009154432639944,1,38
2,0.39875255957389766,5.886701522620201,7.009160309982667,2,38
3,0.39877054847388105,5.886653962700912,7.00914836514314,3,38
