,ReH,ReE,ReHT,index,replica
0,1.4874427466449127,-3.1939357477457726,-9.177859158624527,0,92
1,1.4825306814125216,-3.191678823766499,-9.170462136128553,1,92
2,1.4821469139321732,-3.191502495891398,-9.169884225097315,2,92
3,1.481733163649705,-3.191312391955586,-9.169261163309397,3,92
