,ReH,ReE,ReHT,index,replica
0,1.817412173638052,4.61175842328309,-3.0462435415600897,0,9
1,1.8173945677164687,4.611793203684218,-3.04624441012074,1,9
2,1.8174036032065084,4.611775354130122,-3.046243964380424,2,9
3,1.817521265224396,4.611542913455278,-3.046238159712038,3,9
