,ReH,ReE,ReHT,index,replica
0,2.1907353317118226,-4.266147750689118,3.086130210200109,0,49
1,2.19074030901464,-4.266137205025358,3.0861389311418783,1,49
2,2.1907360412934156,-4.2661462472686384,3.086131453483129,2,49
3,2.1907356975269643,-4.266146975610038,3.086130851179397,3,49
