,ReH,ReE,ReHT,index,replica
0,1.8722634896380859,-2.075828302351658,3.359099955544444,0,65
1,1.8722638219076773,-2.07582726335737,3.3590998271890022,1,65
2,1.8722658742845422,-2.075820845607465,3.359099034512173,2,65
3,1.872263672421923,-2.0758277307873985,3.359099884926072,3,65
