,ReH,ReE,ReHT,index,replica
0,1.929188092070142,1.5134650523381,-0.8251630411633348,0,80
1,1.929201045053595,1.513459533851349,-0.8251830726226363,1,80
2,1.9292116326698585,1.5134550231019301,-0.8251994460962624,2,80
3,1.9293568955062421,1.513393135355165,-0.8254240913616253,3,80
