,ReH,ReE,ReHT,index,replica
0,2.143255979361734,-4.188999110068627,3.2480212470303624,0,62
1,2.143230328143134,-4.189461158964976,3.2484534986019917,1,62
2,2.143228391823461,-4.189496037489427,3.2484861278259003,2,62
3,2.143232202875854,-4.1894273898645356,3.2484219072556324,3,62
