,ReH,ReE,ReHT,index,replica
0,1.7709604282714075,-2.1776299974303637,4.252502462159061,0,45
1,1.7709368219319317,-2.1775955112669245,4.252468753954874,1,45
2,1.770952196192201,-2.1776179713010784,4.252490707323227,2,45
3,1.771103799923989,-2.1778394470505598,4.252707186858777,3,45
