,ReH,ReE,ReHT,index,replica
0,2.6249204531384978,-3.5259704309773277,-1.092892780002632,0,15
1,2.6249235828637296,-3.525964032448168,-1.0928920882492292,1,15
2,2.6249206826586624,-3.5259699617586797,-1.0928927292314308,2,15
3,2.624920241770459,-3.525970863118026,-1.0928928266934836,3,15
