,ReH,ReE,ReHT,index,replica
0,2.3699934835336096,-2.6161240488077464,-0.1591492795411858,0,99
1,2.370098057419243,-2.6157519845094086,-0.1595819494975234,1,99
2,2.370115436531262,-2.615690151228585,-0.15965385481944366,2,99
3,2.370106467889218,-2.615722060831171,-0.15961674745247276,3,99
