,ReH,ReE,ReHT,index,replica
0,1.7620881968899769,-0.9644182664145786,3.0759889940217904,0,20
1,1.7621527810264357,-0.9645584155147254,3.0759683116237335,1,20
2,1.7621456932039024,-0.9645430347782832,3.075970581427759,2,20
3,1.7621503251653525,-0.9645530862463647,3.0759690980904475,3,20
