,ReH,ReE,ReHT,index,replica
0,1.3414841475244863,2.278180708205234,-9.526305986523377,0,89
1,1.3390534058096368,2.2807856784944,-9.521821142449518,1,89
2,1.3388634979851233,2.2809891983649573,-9.52147075270093,2,89
3,1.3386587531325889,2.281208618739597,-9.521092987867725,3,89
