,ReH,ReE,ReHT,index,replica
0,2.2541493863859854,1.1905633068963373,-5.585159528663498,0,18
1,2.2547719197136047,1.190560496248581,-5.586076113564117,1,18
2,2.2586062221654313,1.1905431849310126,-5.591721536188281,2,18
3,2.254472355167582,1.1905618487387692,-5.585635050688566,3,18
