,ReH,ReE,ReHT,index,replica
0,-3.117791476218155,-9.736734561014615,3.1284948099674317,0,40
1,-3.120606567763976,-9.72271606886356,3.13079968820517,1,40
2,-3.121063623076307,-9.720440041174204,3.1311739058191357,2,40
3,-3.1208265038897647,-9.72162083881246,3.1309797626309375,3,40
