,ReH,ReE,ReHT,index,replica
0,1.4468081061658007,3.9215172380231005,0.6357721368148446,0,74
1,1.4467523152864823,3.9214112020368024,0.6357572920726942,1,74
2,1.446747771423636,3.921402565974197,0.6357560830424362,2,74
3,1.4467454744890633,3.9213982004365002,0.6357554718857787,3,74
