,ReH,ReE,ReHT,index,replica
0,1.9985656320443412,-6.642119603249633,6.9847672740926905,0,68
1,1.9985980324615844,-6.642134619227377,6.984784078394626,1,68
2,1.9988253427314358,-6.642239966198727,6.9849019716374965,2,68
3,1.9985796673711116,-6.642126107920429,6.98477455344111,3,68
