,ReH,ReE,ReHT,index,replica
0,-0.14433763891290696,-8.248667735761895,-5.294940113313454,0,91
1,-0.14378004884127576,-8.249028134862638,-5.295582904227535,1,91
2,-0.1403457443878242,-8.251247902217838,-5.299541977052867,2,91
3,-0.1440483625352259,-8.248854709941885,-5.295273591681456,3,91
