,ReH,ReE,ReHT,index,replica
0,2.168285849326908,2.8361491276414457,-4.013256346660576,0,5
1,2.1683375639913915,2.8361408880748122,-4.013278923490713,1,5
2,2.1683105833585454,2.836145186830513,-4.013267144682464,2,5
3,2.1686750840512374,2.836087111851895,-4.01342627303829,3,5
