,ReH,ReE,ReHT,index,replica
0,1.4031281589024558,1.4052620036133812,3.522933417019458,0,0
1,1.4031292800430037,1.4052609973809687,3.522933298393659,1,0
2,1.4031288654217784,1.4052613692845384,3.522933342953076,2,0
3,1.4031287852357512,1.4052614411715703,3.5229333516862242,3,0
