,ReH,ReE,ReHT,index,replica
0,0.7037951112620059,4.305024622053752,6.176592036307133,0,86
1,0.7037589981588522,4.30502692482294,6.176653039014511,1,86
2,0.7037683770200349,4.305026326768417,6.176637196134867,2,86
3,0.7037638137667457,4.305026617747995,6.17664490443609,3,86
