,ReH,ReE,ReHT,index,replica
0,3.1736220605615313,-5.211755181079608,-3.7007193635803093,0,87
1,3.1737187225072643,-5.211721789686392,-3.700653301541716,1,87
2,3.173629153835157,-5.21175273074444,-3.7007145158046697,2,87
3,3.1736355423265343,-5.2117505238690685,-3.7007101496907104,3,87
