,ReH,ReE,ReHT,index,replica
0,-4.312187546132581,4.470231092278731,5.288055373427003,0,29
1,-4.312118986795518,4.470365274906349,5.2871922375352405,1,29
2,-4.313065077356242,4.468513610006269,5.299103156598857,2,29
3,-4.312251137256285,4.470106633313552,5.288855961399962,3,29
