,ReH,ReE,ReHT,index,replica
0,-0.29629588984609223,4.404126397883234,-5.098108456573812,0,90
1,-0.2966551230978937,4.404394698285329,-5.096985729155402,1,90
2,-0.29646875375674464,4.40425550468546,-5.097568197423081,2,90
3,-0.29408330317621356,4.4024738841098205,-5.105023550633105,3,90
