,ReH,ReE,ReHT,index,replica
0,2.3696576477877844,-4.466180908041203,1.7429410549640465,0,78
1,2.3696145671008573,-4.4660615022403665,1.7429823142683294,1,78
2,2.3696610349955707,-4.466190296301505,1.7429378109523916,2,78
3,2.369654550919959,-4.466172324527473,1.7429440208962421,3,78
