,ReH,ReE,ReHT,index,replica
0,2.605043818313546,-0.3961048902764628,-4.113684115169225,0,7
1,2.6050771909922785,-0.396064004417953,-4.113674588245839,1,7
2,2.60506971192416,-0.3960731672466858,-4.11367672330392,2,7
3,2.6052740764833513,-0.3958227941719028,-4.113618383221697,3,7
