,ReH,ReE,ReHT,index,replica
0,1.9670366068370928,-0.826996819504854,1.363163097721641,0,46
1,1.967060885864555,-0.8269634390446108,1.3631979062715442,1,46
2,1.9672033814658114,-0.8267675264343997,1.363402200474813,2,46
3,1.9670555105589274,-0.8269708293816265,1.363190199759594,3,46
