,ReH,ReE,ReHT,index,replica
0,2.322210379219941,-0.09903636161194276,-2.2071547650301158,0,84
1,2.322214388217236,-0.09904036622241918,-2.2071528741295907,1,84
2,2.3222109746034505,-0.09903695605883814,-2.207154484400019,2,84
3,2.3222108139273288,-0.09903679544520128,-2.2071545602610563,3,84
