,ReH,ReE,ReHT,index,replica
0,2.6930735897086544,-4.071287089475602,-0.9577777852726979,0,31
1,2.6930650628645565,-4.071275917503296,-0.9578201748148416,1,31
2,2.6930643875547577,-4.071275032706122,-0.9578235319670461,2,31
3,2.693063662174226,-4.071274082307584,-0.9578271380753205,3,31
