,ReH,ReE,ReHT,index,replica
0,0.9419088224056283,5.430523299740845,3.127147603168542,0,8
1,0.9419173245544916,5.430521423199346,3.1271204585596797,1,8
2,0.9419242403537984,5.4305198967892805,3.12709837867422,2,8
3,0.9420193536665171,5.430498903992617,3.126794712941795,3,8
