,ReH,ReE,ReHT,index,replica
0,0.21482880823135098,6.239449611375374,-8.845063231979822,0,55
1,0.21338289590400344,6.2304085089352785,-8.835666378532306,1,55
2,0.21348767529583762,6.231063680896631,-8.836347330323647,2,55
3,0.21326993035805597,6.229702150009285,-8.834932225662442,3,55
