,ReH,ReE,ReHT,index,replica
0,1.0867684804915712,-6.418549688890598,-9.114364096477942,0,12
1,1.081237085724878,-6.399274241566436,-9.094362026438908,1,12
2,1.0820097140507001,-6.401966646866246,-9.097155926807181,2,12
3,1.0816379234330333,-6.40067105493068,-9.095811495199582,3,12
