,ReH,ReE,ReHT,index,replica
0,1.8171409694055098,-3.1111113069237124,4.835257744693641,0,2
1,1.817103554068081,-3.1110884984809513,4.835230705725005,1,2
2,1.8173717905734308,-3.1112520158415102,4.835424552360459,2,2
3,1.8171241866279244,-3.1111010761175812,4.835245616274518,3,2
