,ReH,ReE,ReHT,index,replica
0,1.9005115074926717,-2.0957693711782337,3.134818285259884,0,22
1,1.9005070277485556,-2.095774248728285,3.1348261540539406,1,22
2,1.9005111826962742,-2.0957697247908955,3.1348188557974135,2,22
3,1.900510885213475,-2.0957700486816515,3.1348193783390124,3,22
