,ReH,ReE,ReHT,index,replica
0,0.501138848397426,3.7721177794575063,8.240642332816552,0,93
1,0.5010513787395976,3.772032614508433,8.240639295777774,1,93
2,0.5010638453246528,3.7720447526171323,8.240639728632189,2,93
3,0.5010578078901955,3.7720388742544504,8.240639519002873,3,93
