,ReH,ReE,ReHT,index,replica
0,0.8300624859679469,4.439077603944446,5.040272408483405,0,95
1,0.8300145572668054,4.439211623738912,5.04032030792084,1,95
2,0.8300108063601197,4.439222112140195,5.040324056532572,2,95
3,0.8300067857658331,4.439233354650529,5.040328074662469,3,95
