,ReH,ReE,ReHT,index,replica
0,2.30077107326696,-5.936284189487806,3.8851529712507773,0,53
1,2.300935831439772,-5.9363105282886695,3.8851685548113837,1,53
2,2.3009492436619174,-5.936312672412437,3.8851698233965974,2,53
3,2.300922427680779,-5.936308385518342,3.8851672870270564,3,53
