,ReH,ReE,ReHT,index,replica
0,2.5248003324898916,-0.8926738027642058,-3.2380601516086065,0,28
1,2.524830746539185,-0.8927342702140375,-3.2381041378838358,1,28
2,2.524815775468702,-0.8927045056052056,-3.23808248599261,2,28
3,2.52502059808843,-0.8931117221384246,-3.2383787104026647,3,28
