,ReH,ReE,ReHT,index,replica
0,1.7665058859829454,2.730012592381875,-0.7309307985966873,0,44
1,1.7664965820242964,2.7300159167874023,-0.7309227561120194,1,44
2,1.7664871466977183,2.730019288135389,-0.7309146000867688,2,44
3,1.7663808880493386,2.7300572555222753,-0.7308227485538525,3,44
