,ReH,ReE,ReHT,index,replica
0,1.6398901969154398,-1.2000262594654063,4.303298535530587,0,76
1,1.63988814021209,-1.200027988851406,4.3033013684373,1,76
2,1.639888297644275,-1.200027856466893,4.30330115156789,2,76
3,1.6398884273322443,-1.2000277474278005,4.303300972950567,3,76
