,ReH,ReE,ReHT,index,replica
0,1.7142309606206991,5.146670359575448,-2.861414492664795,0,23
1,1.7142378617144112,5.146662204441929,-2.8614248867017205,1,23
2,1.7141126092549306,5.146810217285762,-2.8612362385471313,2,23
3,1.7142504922166184,5.146647278768647,-2.8614439100476368,3,23
