,ReH,ReE,ReHT,index,replica
0,2.3496316721737367,-2.125320832805678,-0.5391932323007862,0,43
1,2.349634192969445,-2.1253326966486967,-0.5391932453305898,1,43
2,2.3496066758213057,-2.12520319022057,-0.5391931031009785,2,43
3,2.3496303115980117,-2.1253144294008424,-0.5391932252686545,3,43
