,ReH,ReE,ReHT,index,replica
0,2.1948502283986593,-4.416718656445594,3.172414298965438,0,6
1,2.1948421192375545,-4.416707092386192,3.1724118694537013,1,6
2,2.194860581115268,-4.416733419924926,3.1724174006498025,2,6
3,2.1949893081785588,-4.416916990997688,3.1724559674120134,3,6
