,ReH,ReE,ReHT,index,replica
0,1.8796389430507294,0.7002978199686039,0.37702417615424766,0,58
1,1.8796398730979407,0.7002986166575345,0.3770214355271132,1,58
2,1.879631379017514,0.7002913405224944,0.37704646538349873,2,58
3,1.8796395642943984,0.7002983521433763,0.37702234555661895,3,58
