,ReH,ReE,ReHT,index,replica
0,-1.0854718278331466,-3.9049001029930404,5.273734230524066,0,48
1,-1.0854627043304372,-3.9012903555523515,5.274767263671942,1,48
2,-1.0854711666893542,-3.90463851926653,5.273809090238944,2,48
3,-1.0854725406296795,-3.905182123613759,5.273653522204812,3,48
