,ReH,ReE,ReHT,index,replica
0,2.2764775913750324,1.2281838882814977,-3.1562054571512297,0,67
1,2.276487452800425,1.2282190822308694,-3.156204536263089,1,67
2,2.276610149502372,1.2286569683498527,-3.156193078504569,2,67
3,2.276496061217754,1.2282498043835846,-3.1562037323841823,3,67
