,ReH,ReE,ReHT,index,replica
0,1.9178847806710706,-0.013617353946469518,0.8960090885829946,0,42
1,1.9178973356801334,-0.013610432176173354,0.8960073512440418,1,42
2,1.9179995164674757,-0.01355409835364757,0.8959932116404161,2,42
3,1.9178889817659446,-0.013615037813847784,0.8960085072458327,3,42
