,ReH,ReE,ReHT,index,replica
0,2.0771767655255027,2.446068641275417,-2.812931699727951,0,83
1,2.077180419703726,2.446100762037876,-2.8129345662157244,1,83
2,2.0771772236258896,2.4460726680196467,-2.812932059083522,2,83
3,2.0771769657308368,2.446070401117245,-2.8129318567806014,3,83
