,ReH,ReE,ReHT,index,replica
0,1.2589360178939768,2.1450560761220734,3.9190496353907713,0,88
1,1.2590347213950235,2.145197120156069,3.9189461621634742,1,88
2,1.2589430601397547,2.1450661392673487,3.9190422528365647,2,88
3,1.2589497334456818,2.1450756752001077,3.919035257052845,3,88
