,ReH,ReE,ReHT,index,replica
0,2.028739559840837,-3.5592991533609055,3.608891672443998,0,73
1,2.028736653653891,-3.559305365908282,3.6088984674526348,1,73
2,2.0287364371345173,-3.5593058286617936,3.608898973593857,2,73
3,2.0287361956804437,-3.5593063447065214,3.6088995380191244,3,73
