,ReH,ReE,ReHT,index,replica
0,2.199694598352405,0.39007654033810285,-1.7861137020989646,0,59
1,2.19968936997714,0.390076109687583,-1.786109148987594,1,59
2,2.1996916674632923,0.39007629871750416,-1.7861111504485128,2,59
3,2.1996920289366066,0.3900763285359341,-1.7861114650865186,3,59
