,ReH,ReE,ReHT,index,replica
0,1.3628869163308117,2.661563418219739,2.6429749704048984,0,61
1,1.362891927707677,2.6615385420573667,2.6429455985741894,1,61
2,1.3629562052636492,2.66121947222684,2.6425688657370547,2,61
3,1.3628965900309908,2.661515398570181,2.6429182725410274,3,61
