,ReH,ReE,ReHT,index,replica
0,1.7332982740622962,-0.388804389410751,2.7582635092455936,0,100
1,1.7332650513954353,-0.38908428604176826,2.758227696815939,1,100
2,1.7332623473261037,-0.3891070674804633,2.7582247819638113,2,100
3,1.733267754363093,-0.3890615139156074,2.7582306104890284,3,100
