,ReH,ReE,ReHT,index,replica
0,1.5338749177292015,5.548982534313424,-1.6814303526756458,0,94
1,1.533866330347183,5.548996439242972,-1.6814450445270168,1,94
2,1.5338551642543552,5.549014519682224,-1.681464148193943,2,94
3,1.533717071116652,5.5492381238787996,-1.6817004068429018,3,94
