,ReH,ReE,ReHT,index,replica
0,3.1051173498338827,-6.540988895235939,-1.6502636222224722,0,4
1,3.1050602430399925,-6.540985553299031,-1.6506070716144743,1,4
2,3.1051266059008906,-6.540989436910511,-1.650207954747466,2,4
3,3.105121501885279,-6.540989138219955,-1.650238651100766,3,4
