,ReH,ReE,ReHT,index,replica
0,0.6561396108058213,7.421653309338247,3.2987897694648964,0,57
1,0.656139490935651,7.421653223598872,3.298789570195799,1,57
2,0.6561380363235594,7.421652183165548,3.298787152181829,2,57
3,0.6561396701889304,7.421653351789937,3.2987898681701635,3,57
