,ReH,ReE,ReHT,index,replica
0,0.9905316161425481,1.4217804881740452,6.778078851955025,0,63
1,0.9902222409063747,1.4215424321880359,6.778205810618836,1,63
2,0.9901979428456902,1.4215237354815913,6.778215781841194,2,63
3,0.9902447897355999,1.42155978291367,6.778196557230183,3,63
