,ReH,ReE,ReHT,index,replica
0,1.7983291445299114,4.523692773048788,-2.720963561589186,0,81
1,1.7983195681806643,4.523685486996367,-2.7209742449254772,1,81
2,1.7983203483781367,4.52368608059349,-2.720973374542854,2,81
3,1.7983187909370169,4.523684895634588,-2.720975111998736,3,81
