,ReH,ReE,ReHT,index,replica
0,0.6271872880653522,2.1673193965048347,1.3852376171606928,0,36
1,0.6271954050732669,2.1680103897975562,1.3855729359668554,1,36
2,0.6272992994358333,2.1768548184435126,1.3898648781560219,2,36
3,0.6272029338755334,2.168651309608549,1.385883955580072,3,36
