,ReH,ReE,ReHT,index,replica
0,2.2713821803276915,-0.6450054547878035,-1.2793026475993532,0,41
1,2.2712506759070648,-0.6449801700907092,-1.2792522710011758,1,41
2,2.2712403371583836,-0.6449781822349897,-1.2792483104415102,2,41
3,2.2712291994431615,-0.644976040756067,-1.279244043815435,3,41
