,ReH,ReE,ReHT,index,replica
0,1.3039651561579144,4.664784739641702,1.0629762490509744,0,56
1,1.3039650922209214,4.6647567237838,1.0629410429442756,1,56
2,1.3039651011065634,4.664760616848133,1.06294593517022,2,56
3,1.3039650967797582,4.664758721609112,1.0629435535238585,3,56
