,ReH,ReE,ReHT,index,replica
0,0.7524206242897864,6.120190335142925,3.8952508951700375,0,17
1,0.7523481658693829,6.1201553161662865,3.895322655903143,1,17
2,0.7523423310933188,6.120152496231855,3.895328434495779,2,17
3,0.7523370435272723,6.1201499407685205,3.895333671153513,3,17
