,ReH,ReE,ReHT,index,replica
0,0.8104518772706266,5.75517261475853,3.7767070172746213,0,77
1,0.8104506807984018,5.755171673264366,3.77670565326508,1,77
2,0.8104534477279544,5.755173849077032,3.776708805287881,2,77
3,0.8104519477639092,5.755172670367125,3.77670709786083,3,77
