,ReH,ReE,ReHT,index,replica
0,3.292752380707281,-3.80421690313993,-6.151577529807659,0,71
1,3.2927474207933596,-3.8042182886531357,-6.151575712416331,1,71
2,3.2927456126128716,-3.8042187923477164,-6.151575049867226,2,71
3,3.2927477847337405,-3.8042181868363043,-6.151575845769596,3,71
