,ReH,ReE,ReHT,index,replica
0,0.9706411299977966,5.80581390286936,2.436659843359971,0,16
1,0.9706374120098393,5.805823459508863,2.4367160324803807,1,16
2,0.9706445676847848,5.80580506670935,2.436607890367438,2,16
3,0.970688661243465,5.805691729630894,2.435941514933791,3,16
