,ReH,ReE,ReHT,index,replica
0,0.5415949626577484,7.048885888640591,4.59273918009909,0,66
1,0.5415718930383524,7.048878713308735,4.592731610161165,1,66
2,0.5418886403548866,7.048977231083868,4.592835545824297,2,66
3,0.5416163698635721,7.048892546915683,4.592746204534322,3,66
