,ReH,ReE,ReHT,index,replica
0,1.692420856465069,3.410122761231566,-0.7379637725750368,0,14
1,1.692515951498168,3.4102614325029696,-0.7377009745548404,1,14
2,1.6924056134849554,3.410100533327989,-0.7380058970151069,2,14
3,1.692413355660395,3.410111823271233,-0.7379845012741997,3,14
