,ReH,ReE,ReHT,index,replica
0,1.7693027113041615,2.9497576734751583,-0.9551317761770941,0,25
1,1.7693019896679578,2.949757818495712,-0.9551315234318033,1,25
2,1.7692927667110663,2.9497596722822745,-0.9551282933742413,2,25
3,1.7693013205798067,2.9497579530033162,-0.9551312891069631,3,25
