,ReH,ReE,ReHT,index,replica
0,2.6885453018947825,-0.2894306379804563,-5.816567416682684,0,70
1,2.6883366572811864,-0.28928437519688077,-5.816417516357697,1,70
2,2.6881117117814064,-0.2891266852639604,-5.81625590469455,2,70
3,2.6912158667651553,-0.2913027411950768,-5.818486078916476,3,70
