,ReH,ReE,ReHT,index,replica
0,2.6398118366414423,-2.7810651445215737,-2.0245666685240753,0,32
1,2.6398112114887016,-2.7810645102676235,-2.024566649588178,1,32
2,2.6398031400636937,-2.7810563214477195,-2.02456640512239,2,32
3,2.63981252026152,-2.781065838091058,-2.024566689227834,3,32
