,ReH,ReE,ReHT,index,replica
0,2.3070685675519265,-5.136052700466671,3.0688753209645077,0,47
1,2.3070609102756077,-5.136069363127232,3.0688465746769547,1,47
2,2.307053001407038,-5.136086573253783,3.068816883906295,2,47
3,2.3071656821424646,-5.1358413737797015,3.069239900059493,3,47
