,ReH,ReE,ReHT,index,replica
0,2.3260359724219377,-1.083077948232305,-1.3048121444284997,0,50
1,2.3257468861468094,-1.0833453681604546,-1.30436709372291,1,50
2,2.3257678898513428,-1.083325938632373,-1.3043994291006615,2,50
3,2.3257242307146146,-1.0833663256140025,-1.3043322154996044,3,50
