,ReH,ReE,ReHT,index,replica
0,3.6171977505590593,-8.378836948504656,-4.144856260374965,0,75
1,3.617210900621071,-8.378843786557407,-4.144866790176826,1,75
2,3.61722419377232,-8.378850699015038,-4.144877434556475,2,75
3,3.6173917594014133,-8.37893783340078,-4.145011611337358,3,75
