,ReH,ReE,ReHT,index,replica
0,-2.5711491078234667,-3.947678754957381,4.8971629684003215,0,21
1,-2.5684397641413277,-3.9541071782715846,4.896700780260119,1,21
2,-2.571588994024747,-3.9466350428829875,4.897238008784036,2,21
3,-2.571360782129436,-3.9471765181787344,4.897199078014017,3,21
