,ReH,ReE,ReHT,index,replica
0,2.453350875462151,-3.989572419822996,0.7277241139690342,0,96
1,2.4530174033970242,-3.9894524537520626,0.7274228141293284,1,96
2,2.4529912028503347,-3.989443028146793,0.7273991413210078,2,96
3,2.4529635835416945,-3.9894330921385697,0.7273741866250489,3,96
