,ReH,ReE,ReHT,index,replica
0,2.7849540725161646,-7.964366872078825,-8.37168621015099,0,33
1,2.7809348840072508,-7.963338774663294,-8.366807075558109,1,33
2,2.7812261382692958,-7.963413276706168,-8.367160646619805,2,33
3,2.780620874772061,-7.963258451960956,-8.366425880867983,3,33
