,ReH,ReE,ReHT,index,replica
0,2.234522540937463,-1.660360940159244,-0.02088887149811334,0,64
1,2.2344456734264515,-1.6603031685685976,-0.020776222851234663,1,64
2,2.2345287432586702,-1.6603656016551116,-0.02089796094420749,2,64
3,2.234533558327578,-1.6603692205327842,-0.020905017386183104,3,64
