,ReH,ReE,ReHT,index,replica
0,3.264474457897701,-4.750226708895768,-5.053696816834901,0,82
1,3.264468798865838,-4.750232650932005,-5.053687958449039,1,82
2,3.2643851652887834,-4.750320467055331,-5.053557042152937,2,82
3,3.264462595479613,-4.750239164556527,-5.05367824793375,3,82
