,ReH,ReE,ReHT,index,replica
0,1.6336696088040354,-4.39484931097838,7.612399610874602,0,37
1,1.6336693332024639,-4.394849330724741,7.612399820817183,1,37
2,1.633669901314001,-4.3948492900160145,7.612399387912143,2,37
3,1.633672890121995,-4.394849075841307,7.612397110586441,3,37
