,ReH,ReE,ReHT,index,replica
0,2.847979601423659,0.6723722000512613,-7.139638486156388,0,85
1,2.8479823058173865,0.6723731356347926,-7.139638245821493,1,85
2,2.847983713176339,0.6723736233520046,-7.139638120663173,2,85
3,2.8479827065020187,0.6723732740721138,-7.139638210232045,3,85
