,ReH,ReE,ReHT,index,replica
0,1.4680135609840308,0.890058985606148,3.530554989921187,0,97
1,1.4680661475251315,0.889970925703378,3.5305059910847336,1,97
2,1.4680070892472983,0.8900698229856626,3.530561020121044,2,97
3,1.4680092965341307,0.8900661267271297,3.5305589634257784,3,97
