,ReH,ReE,ReHT,index,replica
0,0.9783457577474366,-6.141193642257692,-1.413057911554001,0,60
1,0.9786913637409513,-6.1415805319830135,-1.413241557329409,1,60
2,0.9779731504144129,-6.140776525796962,-1.4128599179896697,2,60
3,0.9831149777010566,-6.146532560659987,-1.415592147391397,3,60
