,ReH,ReE,ReHT,index,replica
0,2.1452940537839815,1.0441771347654674,-2.0366807310521753,0,72
1,2.145293404372154,1.044176538886462,-2.0366797653052258,1,72
2,2.145294753579284,1.0441777768793,-2.0366817717668875,2,72
3,2.145289588961928,1.0441730379842584,-2.0366740912604273,3,72
