,ReH,ReE,ReHT,index,replica
0,2.1178378503863717,-2.6336814616591004,1.9552563906285592,0,13
1,2.1178622896600867,-2.6336567913421716,1.9552229943144437,1,13
2,2.1178464245151893,-2.6336728064802184,1.955244674070526,2,13
3,2.1176885037845583,-2.6338322201960755,1.9554604730815695,3,13
