,ReH,ReE,ReHT,index,replica
0,1.5806497074363206,2.8797790563251757,0.6316912314105341,0,35
1,1.580649039956195,2.879779243997163,0.6316908227342115,1,35
2,1.5806507467602828,2.879778765046747,0.6316918679538384,2,35
3,1.5806497016564829,2.879779058013498,0.6316912278847633,3,35
