,ReH,ReE,ReHT,index,replica
0,1.9623774888638787,-1.8297293545119364,2.4007717020186714,0,52
1,1.9623940123877834,-1.8297549188502655,2.400796003677495,1,52
2,1.962359734635212,-1.829701886071696,2.4007455903100468,2,52
3,1.962602659045654,-1.8300777261887125,2.401102866832483,3,52
