,ReH,ReE,ReHT,index,replica
0,1.7302182476642254,0.19460322947970443,2.1754892209366234,0,30
1,1.7303523549500657,0.1946847181038316,2.1755566111249056,1,30
2,1.7302077119328967,0.19459682757554164,2.1754839266304726,2,30
3,1.7301966045337351,0.19459007830071873,2.1754783450552555,3,30
