,ReH,ReE,ReHT,index,replica
0,2.7282633835518255,-1.9419066835096643,-3.5340694833992266,0,26
1,2.7282513816240765,-1.941937438695323,-3.5340644760050575,1,26
2,2.7284149313689983,-1.9415183390217046,-3.534132711541999,2,26
3,2.72827419383051,-1.941878981936775,-3.5340739936173406,3,26
