,ReH,ReE,ReHT,index,replica
0,2.6393226026561063,1.91276592617545,-6.75777557677932,0,11
1,2.639118526646292,1.9128140586300444,-6.757808332390995,1,11
2,2.6392919049415284,1.9127731663995706,-6.757780503974164,2,11
3,2.639307342676571,1.9127695253214798,-6.757778026110916,3,11
