,ReH,ReE,ReHT,index,replica
0,0.4673027258285538,8.322514469152548,-3.8944919598553334,0,54
1,0.47175681814974446,8.326983627510035,-3.896648852584641,1,54
2,0.46657956406738166,8.321788861285437,-3.894141769012461,2,54
3,0.4669547386362193,8.322165304888742,-3.8943234471725994,3,54
