,ReH,ReE,ReHtilde,SetNum
0,1.0432780981063843,2.0737385749816895,4.333643913269043,1
