,ReH,ReE,ReHtilde,SetNum
0,1.3346298933029175,0.06397482752799988,2.0580365657806396,2
