{
    "2Layers70Nodes": {
        "Adam": {
            "0.001": {
                "ReH": {
                    "MPE": 7.58937165480689,
                    "RMSE": 0.9495030501881732,
                    "R2": 0.8586451344385371
                },
                "ReE": {
                    "MPE": 7.58937165480689,
                    "RMSE": 0.9495030501881732,
                    "R2": 0.8586451344385371
                },
                "ReHtilde": {
                    "MPE": 7.58937165480689,
                    "RMSE": 0.9495030501881732,
                    "R2": 0.8586451344385371
                }
            },
            "0.01": {
                "ReH": {
                    "MPE": 7.58937165480689,
                    "RMSE": 0.9495030501881732,
                    "R2": 0.8586451344385371
                },
                "ReE": {
                    "MPE": 7.58937165480689,
                    "RMSE": 0.9495030501881732,
                    "R2": 0.8586451344385371
                },
                "ReHtilde": {
                    "MPE": 7.58937165480689,
                    "RMSE": 0.9495030501881732,
                    "R2": 0.8586451344385371
                }
            },
            "0.1": {
                "ReH": {
                    "MPE": 7.58937165480689,
                    "RMSE": 0.9495030501881732,
                    "R2": 0.8586451344385371
                },
                "ReE": {
                    "MPE": 7.58937165480689,
                    "RMSE": 0.9495030501881732,
                    "R2": 0.8586451344385371
                },
                "ReHtilde": {
                    "MPE": 7.58937165480689,
                    "RMSE": 0.9495030501881732,
                    "R2": 0.8586451344385371
                }
            }
        },
        "Ftrl": {
            "0.001": {
                "ReH": {
                    "MPE": 7.58937165480689,
                    "RMSE": 0.9495030501881732,
                    "R2": 0.8586451344385371
                },
                "ReE": {
                    "MPE": 7.58937165480689,
                    "RMSE": 0.9495030501881732,
                    "R2": 0.8586451344385371
                },
                "ReHtilde": {
                    "MPE": 7.58937165480689,
                    "RMSE": 0.9495030501881732,
                    "R2": 0.8586451344385371
                }
            },
            "0.01": {
                "ReH": {
                    "MPE": 7.58937165480689,
                    "RMSE": 0.9495030501881732,
                    "R2": 0.8586451344385371
                },
                "ReE": {
                    "MPE": 7.58937165480689,
                    "RMSE": 0.9495030501881732,
                    "R2": 0.8586451344385371
                },
                "ReHtilde": {
                    "MPE": 7.58937165480689,
                    "RMSE": 0.9495030501881732,
                    "R2": 0.8586451344385371
                }
            },
            "0.1": {
                "ReH": {
                    "MPE": 7.58937165480689,
                    "RMSE": 0.9495030501881732,
                    "R2": 0.8586451344385371
                },
                "ReE": {
                    "MPE": 7.58937165480689,
                    "RMSE": 0.9495030501881732,
                    "R2": 0.8586451344385371
                },
                "ReHtilde": {
                    "MPE": 7.58937165480689,
                    "RMSE": 0.9495030501881732,
                    "R2": 0.8586451344385371
                }
            }
        },
        "SGD": {
            "0.001": {
                "ReH": {
                    "MPE": 7.58937165480689,
                    "RMSE": 0.9495030501881732,
                    "R2": 0.8586451344385371
                },
                "ReE": {
                    "MPE": 7.58937165480689,
                    "RMSE": 0.9495030501881732,
                    "R2": 0.8586451344385371
                },
                "ReHtilde": {
                    "MPE": 7.58937165480689,
                    "RMSE": 0.9495030501881732,
                    "R2": 0.8586451344385371
                }
            },
            "0.01": {
                "ReH": {
                    "MPE": 7.58937165480689,
                    "RMSE": 0.9495030501881732,
                    "R2": 0.8586451344385371
                },
                "ReE": {
                    "MPE": 7.58937165480689,
                    "RMSE": 0.9495030501881732,
                    "R2": 0.8586451344385371
                },
                "ReHtilde": {
                    "MPE": 7.58937165480689,
                    "RMSE": 0.9495030501881732,
                    "R2": 0.8586451344385371
                }
            },
            "0.1": {
                "ReH": {
                    "MPE": 7.58937165480689,
                    "RMSE": 0.9495030501881732,
                    "R2": 0.8586451344385371
                },
                "ReE": {
                    "MPE": 7.58937165480689,
                    "RMSE": 0.9495030501881732,
                    "R2": 0.8586451344385371
                },
                "ReHtilde": {
                    "MPE": 7.58937165480689,
                    "RMSE": 0.9495030501881732,
                    "R2": 0.8586451344385371
                }
            }
        }
    },
    "3Layers45Nodes": {
        "Adam": {
            "0.001": {
                "ReH": {
                    "MPE": 7.58937165480689,
                    "RMSE": 0.9495030501881732,
                    "R2": 0.8586451344385371
                },
                "ReE": {
                    "MPE": 7.58937165480689,
                    "RMSE": 0.9495030501881732,
                    "R2": 0.8586451344385371
                },
                "ReHtilde": {
                    "MPE": 7.58937165480689,
                    "RMSE": 0.9495030501881732,
                    "R2": 0.8586451344385371
                }
            },
            "0.01": {
                "ReH": {
                    "MPE": 7.58937165480689,
                    "RMSE": 0.9495030501881732,
                    "R2": 0.8586451344385371
                },
                "ReE": {
                    "MPE": 7.58937165480689,
                    "RMSE": 0.9495030501881732,
                    "R2": 0.8586451344385371
                },
                "ReHtilde": {
                    "MPE": 7.58937165480689,
                    "RMSE": 0.9495030501881732,
                    "R2": 0.8586451344385371
                }
            },
            "0.1": {
                "ReH": {
                    "MPE": 7.58937165480689,
                    "RMSE": 0.9495030501881732,
                    "R2": 0.8586451344385371
                },
                "ReE": {
                    "MPE": 7.58937165480689,
                    "RMSE": 0.9495030501881732,
                    "R2": 0.8586451344385371
                },
                "ReHtilde": {
                    "MPE": 7.58937165480689,
                    "RMSE": 0.9495030501881732,
                    "R2": 0.8586451344385371
                }
            }
        },
        "Ftrl": {
            "0.001": {
                "ReH": {
                    "MPE": 7.58937165480689,
                    "RMSE": 0.9495030501881732,
                    "R2": 0.8586451344385371
                },
                "ReE": {
                    "MPE": 7.58937165480689,
                    "RMSE": 0.9495030501881732,
                    "R2": 0.8586451344385371
                },
                "ReHtilde": {
                    "MPE": 7.58937165480689,
                    "RMSE": 0.9495030501881732,
                    "R2": 0.8586451344385371
                }
            },
            "0.01": {
                "ReH": {
                    "MPE": 7.58937165480689,
                    "RMSE": 0.9495030501881732,